time_s,x [1],y [1],z [1]
0.0,0.11902881890019917,0.0,-2.7928978525218816e-17
14.880455629906683,0.11879946184755219,0.0,-2.786967242463278e-17
29.760911259813366,0.1181122767428481,0.0,-2.769200433895337e-17
44.64136688972005,0.11696991831450625,0.0,-2.7396723866503952e-17
59.52182251962673,0.11537679968557438,0.0,-2.6985076842499394e-17
74.40227814953342,0.1133390752838187,0.0,-2.6458800111389985e-17
89.2827337794401,0.11086461700879767,0.0,-2.5820114238737373e-17
104.16318940934678,0.10796298374843263,0.0,-2.5071714193064115e-17
119.04364503925346,0.10464538436340293,0.0,-2.421675803659855e-17
133.92410066916014,0.10092463428304654,0.0,-2.3258853672154705e-17
148.80455629906683,0.09681510588124273,0.0,-2.2202043701508675e-17
163.68501192897352,0.09233267282489074,0.0,-2.1050788458523757e-17
178.5654675588802,0.08749464861099084,0.0,-1.980994728790508e-17
193.44592318878688,0.08231971953088069,0.0,-1.8484758147797144e-17
208.32637881869357,0.07682787232180385,0.0,-1.708081562144536e-17
223.20683444860023,0.07104031678659506,0.0,-1.5604047429795963e-17
238.08729007850692,0.06497940368178343,0.0,-1.4060689543178433e-17
252.96774570841362,0.05866853819276559,0.0,-1.2457259996077644e-17
267.8482013383203,0.052132089331807234,0.0,-1.0800531514431507e-17
282.72865696822697,0.0453952956104368,0.0,-9.097503069863302e-18
297.60911259813366,0.03848416735223024,0.0,-7.35537047975622e-18
312.48956822804035,0.0314253860249983,0.0,-5.581496176079029e-18
327.37002385794705,0.024246200982925608,0.0,-3.783378269362511e-18
342.2504794878537,0.016974324019231525,0.0,-1.9686190371908316e-18
357.1309351177604,0.009637822138384048,0.0,-1.4489296899743887e-19
372.01139074766706,0.0022650089637704777,0.0,1.6800854991686748e-18
386.89184637757376,-0.0051156647980184254,0.0,3.498594424920946e-18
401.77230200748045,-0.01247572141151405,0.0,5.302936839113766e-18
416.65275763738714,-0.0197867662585643,0.0,7.085473128787158e-18
431.5332132672938,-0.027020597649347958,0.0,8.838653187917945e-18
446.41366889720047,-0.03414931587251079,0.0,1.0555048201356762e-17
461.29412452710716,-0.04114543106173274,0.0,1.2227381928832419e-17
476.17458015701385,-0.04798196946068399,0.0,1.3848561357961041e-17
491.05503578692054,-0.05463257767459954,0.0,1.5411706597800334e-17
505.93549141682723,-0.061071624504573846,0.0,1.6910179887628106e-17
520.8159470467339,-0.06727429997011794,0.0,1.8337613599286516e-17
535.6964026766406,-0.07321671113649389,0.0,1.9687937115603603e-17
550.5768583065473,-0.07887597437580034,0.0,2.095540247206329e-17
565.4573139364539,-0.08423030370468572,0.0,2.2134608654027984e-17
580.3377695663606,-0.08925909485685081,0.0,2.3220524447400085e-17
595.2182251962673,-0.09394300476511469,0.0,2.4208509746617014e-17
610.098680826174,-0.09826402614569216,0.0,2.509433523028687e-17
624.9791364560807,-0.10220555689639474,0.0,2.5874200321558623e-17
639.8595920859874,-0.10575246404065047,0.0,2.6544749357454905e-17
654.7400477158941,-0.10889114197045582,0.0,2.71030858988485e-17
669.6205033458007,-0.11160956476355065,0.0,2.7546785120502804e-17
684.5009589757074,-0.11389733237315111,0.0,2.787390422859138e-17
699.381414605614,-0.11574571051239851,0.0,2.808299086132744e-17
714.2618702355207,-0.1171476640801941,0.0,2.817308943673806e-17
729.1423258654274,-0.11809788400018949,0.0,2.814374542017491e-17
744.0227814953341,-0.11859280737029793,0.0,2.799500749282629e-17
758.9032371252408,-0.11863063084607872,0.0,2.7727427611250925e-17
773.7836927551475,-0.1182113172076275,0.0,2.7342058956753257e-17
788.6641483850542,-0.11733659508607491,0.0,2.6840451782228177e-17
803.5446040149609,-0.11600995185235319,0.0,2.6224647172882487e-17
818.4250596448676,-0.11423661969743074,0.0,2.549716874595526e-17
833.3055152747743,-0.11202355495963481,0.0,2.4661012323172264e-17
848.185970904681,-0.10937941078088202,0.0,2.3719633618146545e-17
863.0664265345875,-0.10631450319950869,0.0,2.2676933989240863e-17
877.9468821644942,-0.10284077081284326,0.0,2.1537244316504748e-17
892.8273377944009,-0.09897172816758772,0.0,2.0305307069155862e-17
907.7077934243076,-0.09472241306037903,0.0,1.8986256637657685e-17
922.5882490542143,-0.09010932795449163,0.0,1.7585598011723784e-17
937.468704684121,-0.0851503757414237,0.0,1.610918389252115e-17
952.3491603140277,-0.0798647900979987,0.0,1.4563190333923344e-17
967.2296159439344,-0.07427306071052026,0.0,1.2954091013849796e-17
982.1100715738411,-0.06839685365736428,0.0,1.1288630242495544e-17
996.9905272037478,-0.06225892726010284,0.0,9.573794819582716e-18
1011.8709828336545,-0.055883043730748996,0.0,7.816784857625317e-18
1026.751438463561,-0.04929387695893447,0.0,6.024983692577335e-18
1041.6318940934677,-0.04251691679770806,0.0,4.20592700710674e-18
1056.5123497233744,-0.03557837022012559,0.0,2.3672712950929205e-18
1071.3928053532811,-0.02850505973082849,0.0,5.167617987648312e-19
1086.2732609831878,-0.02132431942734533,0.0,-1.3377999478268289e-18
1101.1537166130945,-0.014063889114841657,0.0,-3.1885888335925724e-18
1116.0341722430012,-0.006751806885471104,0.0,-5.027789006872589e-18
1130.9146278729079,0.0005836994206985385,0.0,-6.8476266964350165e-18
1145.7950835028146,0.007914321452008146,0.0,-8.640402879827896e-18
1160.6755391327213,0.015211779855040033,0.0,-1.0398525662463449e-17
1175.555994762628,0.022447933633307743,0.0,-1.2114542231935444e-17
1190.4364503925347,0.02959488893088251,0.0,-1.378117025375521e-17
1205.3169060224413,0.03662510681942177,0.0,-1.5391328576939858e-17
1220.197361652348,0.0435115096710829,0.0,-1.693816712067674e-17
1235.0778172822547,0.0502275857054468,0.0,-1.8415095816621547e-17
1249.9582729121614,0.05674749130581562,0.0,-1.9815812485241827e-17
1264.838728542068,0.06304615070905897,0.0,-2.1134329528982078e-17
1279.7191841719748,0.06909935268352546,0.0,-2.2364999329879943e-17
1294.5996398018815,0.0748838438213775,0.0,-2.350253824458865e-17
1309.4800954317882,0.08037741808499198,0.0,-2.4542049095534538e-17
1324.3605510616949,0.08555900226175098,0.0,-2.547904206313645e-17
1339.2410066916013,0.09040873699756602,0.0,-2.6309453890612656e-17
1354.121462321508,0.09490805309677366,0.0,-2.7029665319871767e-17
1369.0019179514147,0.09903974279453989,0.0,-2.7636516684297732e-17
1383.8823735813214,0.1027880257275483,0.0,-2.812732159186737e-17
1398.762829211228,0.1061386093494382,0.0,-2.849987863994909e-17
1413.6432848411348,0.10907874355912975,0.0,-2.8752481111289535e-17
1428.5237404710415,0.11159726933273498,0.0,-2.888392460907086e-17
1443.4041961009482,0.11368466117311907,0.0,-2.889351259747636e-17
1458.2846517308549,0.11533306321525488,0.0,-2.8781059822903786e-17
1473.1651073607616,0.11653631885021096,0.0,-2.854689359977678e-17
1488.0455629906683,0.11728999375583163,0.0,-2.8191852953788336e-17
1502.926018620575,0.1175913922478121,0.0,-2.771728562433044e-17
1517.8064742504816,0.11743956689083744,0.0,-2.7125042936783567e-17
1532.6869298803883,0.11683532133564543,0.0,-2.6417472564220607e-17
1547.567385510295,0.11578120637418209,0.0,-2.559740920688677e-17
1562.4478411402017,0.11428150923134986,0.0,-2.4668163226512427e-17
1577.3282967701084,0.11234223613809076,0.0,-2.3633507281062936e-17
1592.208752400015,0.10997108825660784,0.0,-2.249766101389524e-17
1607.0892080299218,0.10717743105429679,0.0,-2.126527385943646e-17
1621.9696636598285,0.1039722572483452,0.0,-1.9941406035395453e-17
1636.8501192897352,0.10036814346785249,0.0,-1.8531507799127787e-17
1651.7305749196419,0.0963792008046384,0.0,-1.704139705306743e-17
1666.6110305495486,0.09202101944754551,0.0,-1.5477235391085947e-17
1681.4914861794553,0.0873106076179073,0.0,-1.3845502684207255e-17
1696.371941809362,0.08226632504586731,0.0,-1.2152970310275505e-17
1711.2523974392686,0.07690781124829946,0.0,-1.0406673137906598e-17
1726.132853069175,0.07125590888912557,0.0,-8.613880380339194e-18
1741.0133086990818,0.0653325825217678,0.0,-6.782065439605818e-18
1755.8937643289885,0.05916083303124163,0.0,-4.91887486575677e-18
1770.7742199588952,0.05276460810991636,0.0,-3.0320965596625367e-18
1785.6546755888019,0.04616870911619182,0.0,-1.1296273511888815e-18
1800.5351312187086,0.03939869467918715,0.0,7.805599127449047e-19
1815.4155868486152,0.03248078142497262,0.0,2.690449633547086e-18
1830.296042478522,0.02544174221084222,0.0,4.592016941500268e-18
1845.1764981084286,0.018308802263581416,0.0,6.477261252175123e-18
1860.0569537383353,0.011109533625601992,0.0,8.338239758963285e-18
1874.937409368242,0.0038717483191508875,0.0,1.0167100722117386e-17
1889.8178649981487,-0.0033766093564506963,0.0,1.1956116415394587e-17
1904.6983206280554,-0.010607570976462428,0.0,1.3697715592693679e-17
1919.578776257962,-0.017793252171692447,0.0,1.538451533893529e-17
1934.4592318878688,-0.024905960419331,0.0,1.700935217186443e-17
1949.3396875177755,-0.03191830202596269,0.0,1.8565312264435828e-17
1964.2201431476822,-0.03880328788845651,0.0,2.0045760660972605e-17
1979.1005987775889,-0.04553443762342309,0.0,2.144436936434261e-17
1993.9810544074955,-0.05208588166251049,0.0,2.2755144175969147e-17
2008.8615100374022,-0.05843246091894839,0.0,2.3972450175555843e-17
2023.741965667309,-0.06454982364042565,0.0,2.5091035732946598e-17
2038.6224212972156,-0.07041451907454238,0.0,2.61060549505307e-17
2053.502876927122,-0.07600408758568479,0.0,2.701308844102129e-17
2068.383332557029,-0.08129714687617669,0.0,2.7808162352256337e-17
2083.2637881869355,-0.08627347397989688,0.0,2.848776555786078e-17
2098.1442438168424,-0.09091408271318577,0.0,2.9048864940147206e-17
2113.024699446749,-0.09520129628568727,0.0,2.948891869947871e-17
2127.905155076656,-0.09911881479276936,0.0,2.9805887632448876e-17
2142.7856107065622,-0.10265177733120326,0.0,2.9998244329608613e-17
2157.666066336469,-0.10578681850083632,0.0,3.006498025206029e-17
2172.5465219663756,-0.10851211907693502,0.0,3.0005610655003894e-17
2187.4269775962825,-0.11081745066065388,0.0,2.9820177335229454e-17
2202.307433226189,-0.11269421413858968,0.0,2.9509249188560377e-17
2217.187888856096,-0.11413547180653064,0.0,2.907392057233222e-17
2232.0683444860024,-0.11513597303720244,0.0,2.8515807477099573e-17
2246.9488001159093,-0.11569217339696303,0.0,2.783704152086434e-17
2261.8292557458158,-0.1158022471418903,0.0,2.7040261788174194e-17
2276.7097113757227,-0.1154660930494632,0.0,2.612860454541031e-17
2291.590167005629,-0.11468533356793587,0.0,2.5105690872436295e-17
2306.4706226355356,-0.11346330729146095,0.0,2.3975612259471877e-17
2321.3510782654425,-0.11180505479492436,0.0,2.2742914226557772e-17
2336.231533895349,-0.10971729788820658,0.0,2.1412578031247897e-17
2351.111989525256,-0.10720841237509207,0.0,1.999000053817446e-17
2365.9924451551624,-0.10428839442720286,0.0,1.8480972331843384e-17
2380.8729007850693,-0.10096882070803996,0.0,1.689165416139986e-17
2395.7533564149758,-0.09726280240638285,0.0,1.5228551813128544e-17
2410.6338120448827,-0.09318493336182233,0.0,1.3498489513084803e-17
2425.514267674789,-0.08875123248800815,0.0,1.1708581968473936e-17
2440.394723304696,-0.08397908072116954,0.0,9.866205162165119e-18
2455.2751789346025,-0.07888715274256074,0.0,7.97896602003861e-18
2470.1556345645095,-0.07349534374357317,0.0,6.054671075676529e-18
2485.036090194416,-0.06782469152131045,0.0,4.101294261218539e-18
2499.916545824323,-0.06189729421031619,0.0,2.1269439569771278e-18
2514.7970014542293,-0.055736223972867295,0.0,1.3982943564530673e-19
2529.677457084136,-0.04936543698566979,0.0,-1.8517731604012778e-18
2544.5579127140427,-0.042809680074922196,0.0,-3.839555168097268e-18
2559.4383683439496,-0.03609439436443853,0.0,-5.815209936844607e-18
2574.318823973856,-0.02924561631283665,0.0,-7.770467402762191e-18
2589.199279603763,-0.022289876525631275,0.0,-9.697128560612015e-18
2604.0797352336695,-0.015254096736406752,0.0,-1.1587099690230835e-17
2618.9601908635764,-0.008165485358025743,0.0,-1.3432426195137107e-17
2633.840646493483,-0.0010514320100698214,0.0,-1.5225325912411752e-17
2648.7211021233898,0.006060598567662608,0.0,-1.6958221754964745e-17
2663.601557753296,0.013143172803714036,0.0,-1.8623773549891102e-17
2678.4820133832027,0.02016899437326361,0.0,-2.0214908939778678e-17
2693.3624690131096,0.027111009654991008,0.0,-2.1724853217539618e-17
2708.242924643016,0.03394251215810039,0.0,-2.3147157969593802e-17
2723.123380272923,0.040637245515440144,0.0,-2.4475728407003097e-17
2738.0038359028295,0.04716950464455446,0.0,-2.5704849269436654e-17
2752.8842915327364,0.05351423468596665,0.0,-2.682920919260796e-17
2767.764747162643,0.059647127336947714,0.0,-2.784392343604234e-17
2782.6452027925498,0.06554471420947389,0.0,-2.874455487469162e-17
2797.525658422456,0.07118445685294429,0.0,-2.952713316496832e-17
2812.406114052363,0.07654483309550125,0.0,-3.018817200321604e-17
2827.2865696822696,0.08160541937238328,0.0,-3.072468440241595e-17
2842.1670253121765,0.08634696872562694,0.0,-3.1134195921035126e-17
2857.047480942083,0.09075148417650505,0.0,-3.141475578630726e-17
2871.92793657199,0.09480228719033854,0.0,-3.156494586287249e-17
2886.8083922018964,0.09848408097261084,0.0,-3.158388742655117e-17
2901.6888478318033,0.10178300835563103,0.0,-3.1471245712053174e-17
2916.5693034617098,0.10468670405620518,0.0,-3.1227232212588344e-17
2931.4497590916167,0.10718434110683855,0.0,-3.0852604718614706e-17
2946.330214721523,0.10926667128579301,0.0,-3.034866509229128e-17
2961.21067035143,0.1109260593947895,0.0,-2.9717254783562736e-17
2976.0911259813365,0.11215651125717263,0.0,-2.896074810314804e-17
2990.9715816112434,0.11295369533386114,0.0,-2.808204327699979e-17
3005.85203724115,0.11331495787928104,0.0,-2.708455131600699e-17
3020.732492871057,0.11323933158464279,0.0,-2.5972182743789058e-17
3035.6129485009633,0.11272753768125814,0.0,-2.474933223434346e-17
3050.4934041308697,0.11178198150201697,0.0,-2.3420861220015396e-17
3065.3738597607767,0.11040674152455027,0.0,-2.199207853873277e-17
3080.254315390683,0.10860755194489163,0.0,-2.0468719197643406e-17
3095.13477102059,0.10639177885552963,0.0,-1.8856921338183333e-17
3110.0152266504965,0.10376839012650468,0.0,-1.7163201495152807e-17
3124.8956822804034,0.10074791911256184,0.0,-1.5394428249552398e-17
3139.77613791031,0.09734242233322908,0.0,-1.3557794381708912e-17
3154.656593540217,0.0935654312959426,0.0,-1.1660787637557292e-17
3169.5370491701233,0.08943189865493172,0.0,-9.711160226841572e-18
3184.41750480003,0.08495813892036254,0.0,-7.716897177388392e-18
3199.2979604299367,0.08016176395320858,0.0,-5.686183674518998e-18
3214.1784160598436,0.07506161350131094,0.0,-3.6273715190270605e-18
3229.05887168975,0.06967768105110507,0.0,-1.5489448409849785e-18
3243.939327319657,0.064031035287394,0.0,5.405147900937288e-19
3258.8197829495634,0.05814373747031165,0.0,2.6323637155175328e-18
3273.7002385794704,0.0520387550541586,0.0,4.717931852777824e-18
3288.580694209377,0.04573987188704853,0.0,6.788558529177073e-18
3303.4611498392837,0.03927159534323785,0.0,8.835628335982817e-18
3318.34160546919,0.03265906075155347,0.0,1.0850606855071343e-17
3333.222061099097,0.025927933493453924,0.0,1.282507611033727e-17
3348.1025167290036,0.019104309152925318,0.0,1.4750769597062985e-17
3362.9829723589105,0.012214612107557522,0.0,1.6619606743977953e-17
3377.863427988817,0.0052854929558162934,0.0,1.842372666485371e-17
3392.743883618724,-0.0016562748204096214,0.0,2.0155521059216704e-17
3407.6243392486303,-0.008583898556328344,0.0,2.1807666125049805e-17
3422.5047948785373,-0.015470670065228332,0.0,2.3373153350238127e-17
3437.3852505084437,-0.02229006885788616,0.0,2.4845319053935224e-17
3452.26570613835,-0.029015864520526905,0.0,2.621787255399161e-17
3467.146161768257,-0.035622217855163625,0.0,2.7484922842069314e-17
3482.0266173981636,-0.04208378039138117,0.0,2.86410036540399e-17
3496.9070730280705,-0.04837579188539655,0.0,2.968109682971326e-17
3511.787528657977,-0.05447417543045646,0.0,3.060065386283502e-17
3526.667984287884,-0.0603556298123408,0.0,3.13956155496e-17
3541.5484399177903,-0.06599771875484399,0.0,3.20624296516287e-17
3556.4288955476973,-0.0713789567125858,0.0,3.2598066497405114e-17
3571.3093511776037,-0.07647889088230092,0.0,3.300003245455715e-17
3586.1898068075106,-0.08127817911881992,0.0,3.326638121402431e-17
3601.070262437417,-0.08575866345821109,0.0,3.339572283608551e-17
3615.950718067324,-0.08990343896796735,0.0,3.338723051735796e-17
3630.8311736972305,-0.09369691766258127,0.0,3.3240645047203144e-17
3645.7116293271374,-0.09712488724233731,0.0,3.2956276931441607e-17
3660.592084957044,-0.10017456443352198,0.0,3.253500617084712e-17
3675.472540586951,-0.1028346427294975,0.0,3.1978279691528355e-17
3690.3529962168573,-0.10509533435405628,0.0,3.1288106433964866e-17
3705.233451846764,-0.10694840629113436,0.0,3.046705011711288e-17
3720.1139074766706,-0.10838721024819135,0.0,2.9518219703588347e-17
3734.9943631065776,-0.10940670644428865,0.0,2.844525760143487e-17
3749.874818736484,-0.1100034811380137,0.0,2.725232564735161e-17
3764.755274366391,-0.11017575783482204,0.0,2.5944088925452658e-17
3779.6357299962974,-0.10992340213798826,0.0,2.452569748461624e-17
3794.5161856262043,-0.10924792023210013,0.0,2.3002766026223305e-17
3809.396641256111,-0.10815245101277243,0.0,2.1381351642543783e-17
3824.2770968860173,-0.10664175190092948,0.0,1.9667929694168855e-17
3839.157552515924,-0.10472217840448703,0.0,1.78693679226768e-17
3854.0380081458306,-0.10240165751448285,0.0,1.5992898902127066e-17
3868.9184637757376,-0.09968965504654509,0.0,1.4046090939963902e-17
3883.798919405644,-0.09659713706197612,0.0,1.2036817544460777e-17
3898.679375035551,-0.0931365255255609,0.0,9.973225581908914e-18
3913.5598306654574,-0.08932164837940365,0.0,7.863702252331522e-18
3928.4402862953643,-0.08516768423356419,0.0,5.7168410175604046e-18
3943.320741925271,-0.08069110189493169,0.0,3.541406620029543e-18
3958.2011975551777,-0.07590959497553622,0.0,1.3462993345845316e-18
3973.081653185084,-0.07084201184032529,0.0,-8.594814010072206e-19
3987.962108814991,-0.0655082811721926,0.0,-3.066873828392301e-18
4002.8425644448976,-0.05992933344872729,0.0,-5.2667910331752974e-18
4017.7230200748045,-0.054127018640655694,0.0,-7.450158279478054e-18
4032.603475704711,-0.04812402045622584,0.0,-9.607950361381487e-18
4047.483931334618,-0.04194376746878283,0.0,-1.173122881780782e-17
4062.3643869645243,-0.035610341476462505,0.0,-1.3811178857717709e-17
4077.2448425944312,-0.029148383453214705,0.0,-1.583914584344792e-17
4092.1252982243377,-0.02258299745927041,0.0,-1.7806671181585432e-17
4107.005753854244,-0.015939652886596913,0.0,-1.9705527472968333e-17
4121.886209484152,-0.009244085420865838,0.0,-2.1527752776211837e-17
4136.766665114058,-0.0025221971059401806,0.0,-2.3265683842560293e-17
4151.6471207439645,0.004200044100156536,0.0,-2.4911988183868554e-17
4166.527576373871,0.010896704887346897,0.0,-2.6459694840078354e-17
4181.408032003778,0.01754198688332617,0.0,-2.790222371768073e-17
4196.288487633685,0.0241103262823308,0.0,-2.9233413376316525e-17
4211.168943263591,0.030576492427166653,0.0,-3.044754714683219e-17
4226.049398893498,0.0369156849634086,0.0,-3.153937747076957e-17
4240.929854523404,0.0431036291907513,0.0,-3.2504148358386807e-17
4255.810310153312,0.04911666924401234,0.0,-3.3337615869856596e-17
4270.690765783218,0.054931858745229024,0.0,-3.4036066532245336e-17
4285.5712214131245,0.060527048578616155,0.0,-3.4596333613198785e-17
4300.451677043031,0.06588097145180914,0.0,-3.5015811180917635e-17
4315.332132672938,0.0709733229197839,0.0,-3.529246588897532e-17
4330.212588302845,0.07578483856203638,0.0,-3.542484643375003e-17
4345.093043932751,0.08029736701899903,0.0,-3.541209064170433e-17
4359.973499562658,0.08449393861016354,0.0,-3.525393015338754e-17
4374.853955192565,0.08835882927395874,0.0,-3.495069268083111e-17
4389.734410822472,0.09187761958797053,0.0,-3.450330182491579e-17
4404.614866452378,0.09503724864756474,0.0,-3.391327444926095e-17
4419.4953220822845,0.09782606260126642,0.0,-3.3182715617194784e-17
4434.375777712192,0.10023385766231016,0.0,-3.231431110835539e-17
4449.256233342098,0.10225191743750507,0.0,-3.131131754141422e-17
4464.136688972005,0.10387304443687174,0.0,-3.0177550139260304e-17
4479.017144601911,0.10509158565032597,0.0,-2.8917368182698744e-17
4493.897600231819,0.10590345210091018,0.0,-2.753565820825446e-17
4508.778055861725,0.10630613230761476,0.0,-2.6037815015001952e-17
4523.6585114916315,0.10629869961460736,0.0,-2.4429720554414928e-17
4538.538967121538,0.10588181336758329,0.0,-2.271772078601806e-17
4553.419422751445,0.10505771394190397,0.0,-2.0908600590084252e-17
4568.299878381352,0.10383021165107313,0.0,-1.9009556836720752e-17
4583.180334011258,0.10220466958784735,0.0,-1.7028169718394196e-17
4598.060789641165,0.10018798047378606,0.0,-1.4972372460229076e-17
4612.941245271071,0.09778853761621381,0.0,-1.285041952923296e-17
4627.821700900979,0.09501620009432991,0.0,-1.0670853469944773e-17
4642.702156530885,0.09188225231844728,0.0,-8.442470499831283e-18
4657.5826121607915,0.08839935812798803,0.0,-6.174285003041261e-18
4672.463067790698,0.08458150961485315,0.0,-3.875493065870606e-18
4687.343523420605,0.08044397087898664,0.0,-1.5554352014341932e-18
4702.223979050512,0.0760032169423473,0.0,7.764415853945602e-19
4717.104434680418,0.07127686806596671,0.0,3.110622238773691e-18
4731.984890310325,0.06628361973226514,0.0,5.4375624420895685e-18
4746.865345940232,0.061043168571240466,0.0,7.747727599549842e-18
4761.745801570139,0.0555761345244774,0.0,1.0031631850124532e-17
4776.626257200045,0.04990397955508496,0.0,1.2279876954392208e-17
4791.5067128299515,0.04404892322462644,0.0,1.4483190895101233e-17
4806.387168459859,0.03803385546976038,0.0,1.6632466033174494e-17
4821.267624089765,0.031882246921688624,0.0,1.8718796662429978e-17
4836.148079719672,0.025618057120497903,0.0,2.0733515808501504e-17
4851.028535349578,0.019265640984118617,0.0,2.2668231120266837e-17
4865.908990979486,0.012849653897823742,0.0,2.4514859705553073e-17
4880.789446609392,0.006394955794969761,0.0,2.6265661766958656e-17
4895.669902239299,-7.348539700287662e-05,0.0,2.791327289829263e-17
4910.550357869205,-0.00653069056941134,0.0,2.945073490736989e-17
4925.430813499112,-0.012951766127746272,0.0,3.087152503670491e-17
4940.311269129019,-0.019312000194440973,0.0,3.2169583459967056e-17
4955.191724758925,-0.025586957946323458,0.0,3.333933893890888e-17
4970.072180388832,-0.03175257571804209,0.0,3.437573253278994e-17
4984.952636018738,-0.037785253508169414,0.0,3.5274239260095764e-17
4999.833091648646,-0.043661945531505035,0.0,3.603088762054428e-17
5014.713547278552,-0.049360248469277335,0.0,3.664227689394927e-17
5029.594002908459,-0.05485848707849014,0.0,3.710559214145125e-17
5044.474458538365,-0.06013579683248443,0.0,3.741861684387324e-17
5059.354914168272,-0.06517220327688567,0.0,3.757974312149593e-17
5074.235369798179,-0.06994869779841462,0.0,3.7587979489321905e-17
5089.115825428085,-0.0744473095184991,0.0,3.744295611187457e-17
5103.996281057992,-0.07865117303917844,0.0,3.7144927531720804e-17
5118.876736687899,-0.0825445917853973,0.0,3.669477285616498e-17
5133.757192317806,-0.08611309670533492,0.0,3.60939933969052e-17
5148.637647947712,-0.08934350010889186,0.0,3.534470776781909e-17
5163.518103577619,-0.09222394444373014,0.0,3.444964445642122e-17
5178.398559207526,-0.09474394582830606,0.0,3.3412131894859754e-17
5193.279014837432,-0.09689443218203728,0.0,3.223608606655678e-17
5208.159470467339,-0.0986677758140358,0.0,3.09259956947031e-17
5223.039926097245,-0.10005782035363331,0.0,2.948690506875124e-17
5237.920381727153,-0.1010599019281389,0.0,2.792439457476962e-17
5252.800837357059,-0.10167086451580856,0.0,2.6244559004989795e-17
5267.681292986966,-0.10188906942479146,0.0,2.445398373104841e-17
5282.561748616872,-0.10171439887174923,0.0,2.255971883427735e-17
5297.4422042467795,-0.101148253656845,0.0,2.056925129486607e-17
5312.322659876686,-0.10019354495476732,0.0,1.8490475349801972e-17
5327.203115506592,-0.09885468026430738,0.0,1.6331661137133398e-17
5342.083571136499,-0.09713754358165266,0.0,1.4101421751275025e-17
5356.964026766405,-0.09504946988491571,0.0,1.180867884075492e-17
5371.844482396313,-0.09259921403938423,0.0,9.462626885952162e-18
5386.724938026219,-0.08979691425448828,0.0,7.072696299980377e-18
5401.605393656126,-0.08665405024443516,0.0,4.6485155008988936e-18
5416.485849286032,-0.0831833962647887,0.0,2.199872107866364e-18
5431.3663049159395,-0.07939896921689239,0.0,-2.633265823272013e-19
5446.246760545846,-0.07531597203086698,0.0,-2.731093678729567e-18
5461.127216175752,-0.07095073255589389,0.0,-5.193403177532323e-18
5476.007671805659,-0.06632063820356021,0.0,-7.640230677157179e-18
5490.888127435566,-0.0614440666060933,0.0,-1.006159416185346e-17
5505.768583065473,-0.05634031256634887,0.0,-1.2447594687974393e-17
5520.649038695379,-0.051029511590308274,0.0,-1.478845680723339e-17
5535.529494325286,-0.045532560305610065,0.0,-1.7074568562028334e-17
5550.409949955193,-0.03987103408117738,0.0,-1.9296520889395405e-17
5565.2904055850995,-0.03406710217329931,0.0,-2.1445146272289907e-17
5580.170861215006,-0.028143440732533824,0.0,-2.351155647968701e-17
5595.051316844912,-0.022123144013497582,0.0,-2.5487179240434386e-17
5609.93177247482,-0.01602963413593205,0.0,-2.7363793699879122e-17
5624.812228104726,-0.009886569750428769,0.0,-2.913356451298091e-17
5639.692683734633,-0.0037177539657564963,0.0,-3.078907443293655e-17
5654.573139364539,0.002452958103053779,0.0,-3.232335526021796e-17
5669.453594994447,0.008601751805946682,0.0,-3.3729917023371404e-17
5684.334050624353,0.014704945089096786,0.0,-3.5002775269903133e-17
5699.2145062542595,0.020739079928898844,0.0,-3.613647635305714e-17
5714.094961884166,0.02668101271481451,0.0,-3.712612060824417e-17
5728.975417514072,0.03250800323198972,0.0,-3.7967383321290984e-17
5743.85587314398,0.038197801900682476,0.0,-3.865653339948206e-17
5758.736328773886,0.0437287349370044,0.0,-3.919044966556043e-17
5773.616784403793,0.04907978710823335,0.0,-3.956663470437772e-17
5788.497240033699,0.05423068176595719,0.0,-3.978322620170909e-17
5803.377695663607,0.05916195785154116,0.0,-3.98390057248417e-17
5818.258151293513,0.06385504358079816,0.0,-3.973340490484777e-17
5833.1386069234195,0.0682923265282619,0.0,-3.946650899094535e-17
5848.019062553326,0.07245721984602534,0.0,-3.9039057757971345e-17
5862.899518183233,0.07633422436770108,0.0,-3.845244375870835e-17
5877.77997381314,0.0799089863645687,0.0,-3.7708707923577543e-17
5892.660429443046,0.08316835073838202,0.0,-3.6810532520979765e-17
5907.540885072953,0.08610040945350159,0.0,-3.576123150230774e-17
5922.42134070286,0.08869454502995851,0.0,-3.456473826630615e-17
5937.301796332767,0.09094146893864838,0.0,-3.322559088798921e-17
5952.182251962673,0.09283325476002208,0.0,-3.174891486768915e-17
5967.0627075925795,0.09436336598831516,0.0,-3.01404034659664e-17
5981.943163222487,0.09552667838444688,0.0,-2.8406295700013366e-17
5996.823618852393,0.09631949680214158,0.0,-2.655335208679912e-17
6011.7040744823,0.0967395664335067,0.0,-2.4588828227481473e-17
6026.584530112206,0.09678607844212993,0.0,-2.2520446336527324e-17
6041.464985742114,0.09645966997369014,0.0,-2.035636482748761e-17
6056.34544137202,0.09576241855598037,0.0,-1.810514607543848e-17
6071.225897001927,0.09469783092206564,0.0,-1.5775722483689962e-17
6086.106352631833,0.09327082631194583,0.0,-1.3377360989453452e-17
6100.9868082617395,0.09148771432946884,0.0,-1.0919626149702258e-17
6115.867263891647,0.0893561674522855,0.0,-8.412341954450864e-18
6130.747719521553,0.08688518831325004,0.0,-5.86555252007887e-18
6145.62817515146,0.08408507189177003,0.0,-3.2894818201066527e-18
6160.508630781366,0.08096736277314867,0.0,-6.944926149991292e-19
6175.389086411274,0.07754480765281463,0.0,1.908955253928845e-18
6190.26954204118,0.07383130328048224,0.0,4.5103470385788235e-18
6205.149997671087,0.06984184005661742,0.0,7.099155556015128e-18
6220.030453300993,0.06559244151005579,0.0,9.664883786717005e-18
6234.9109089309,0.06110009990116713,0.0,1.219710742677027e-17
6249.791364560807,0.05638270820951153,0.0,1.4685517221544372e-17
6264.671820190713,0.05145898877844718,0.0,1.711996090900639e-17
6279.55227582062,0.04634841890158138,0.0,1.9490484602122677e-17
6294.432731450527,0.04107115364722391,0.0,2.1787373441806706e-17
6309.313187080434,0.035647946227122335,0.0,2.4001191354542315e-17
6324.19364271034,0.030100066224628366,0.0,2.6122819752183837e-17
6339.074098340247,0.024449216005096284,0.0,2.8143495015446697e-17
6353.954553970154,0.018717445637665326,0.0,3.00548446072786e-17
6368.83500960006,0.012927066662643049,0.0,3.18489216676031e-17
6383.715465229967,0.007100565042446785,0.0,3.351823794683672e-17
6398.595920859873,0.0012605136364957914,0.0,3.505579494207576e-17
6413.476376489781,-0.00457051545849161,0.0,3.6455113106914264e-17
6428.356832119687,-0.010370038361569186,0.0,3.771025901343791e-17
6443.237287749594,-0.0161157463143761,0.0,3.8815870353042236e-17
6458.1177433795,-0.02178559170495475,0.0,3.976717867128268e-17
6472.9981990094075,-0.027357872876053155,0.0,4.056002974097202e-17
6487.878654639314,-0.032811317390893296,0.0,4.1190901487145734e-17
6502.75911026922,-0.038125163436148614,0.0,4.16569193872822e-17
6517.639565899127,-0.04327923904986782,0.0,4.1955869280262255e-17
6532.520021529033,-0.048254038871292294,0.0,4.2086207527927965e-17
6547.400477158941,-0.05303079811986248,0.0,4.2047068483723975e-17
6562.280932788847,-0.05759156352219945,0.0,4.183826923372662e-17
6577.161388418754,-0.06191926091839628,0.0,4.146031158634232e-17
6592.04184404866,-0.06599775929252001,0.0,4.0914381298051245e-17
6606.9222996785675,-0.0698119309867725,0.0,4.020234453372752e-17
6621.802755308474,-0.07334770787418643,0.0,3.932674157125233e-17
6636.68321093838,-0.07659213328103169,0.0,3.829077777129278e-17
6651.563666568287,-0.07953340946715617,0.0,3.7098311844212845e-17
6666.444122198194,-0.08216094049026484,0.0,3.575384145706116e-17
6681.324577828101,-0.08446537029854669,0.0,3.4262486234401764e-17
6696.205033458007,-0.08643861591503095,0.0,3.2629968217375556e-17
6711.085489087914,-0.08807389559651535,0.0,3.086258985575624e-17
6725.965944717821,-0.08936575186978357,0.0,2.8967209617853236e-17
6740.8464003477275,-0.09031006936803267,0.0,2.6951215312878113e-17
6755.726855977634,-0.09090408741089132,0.0,2.4822495229779623e-17
6770.60731160754,-0.09114640729203594,0.0,2.2589407205547205e-17
6785.487767237448,-0.09103699425913929,0.0,2.026074574452044e-17
6800.368222867354,-0.09057717419160925,0.0,1.7845707318309734e-17
6815.248678497261,-0.08976962500224375,0.0,1.535385398348653e-17
6830.129134127167,-0.08861836280942767,0.0,1.2795075461214884e-17
6845.0095897570745,-0.08712872294677881,0.0,1.0179549829430436e-17
6859.890045386981,-0.08530733589710902,0.0,7.51770298401384e-18
6874.7705010168875,-0.08316209825714564,0.0,4.820167030620398e-18
6889.650956646794,-0.08070213885858034,0.0,2.097737773406787e-18
6904.5314122767,-0.07793778018956202,0.0,-6.386685292173313e-19
6919.411867906608,-0.07488049527874792,0.0,-3.3780589684391918e-18
6934.292323536514,-0.07154286022129301,0.0,-6.10940817260645e-18
6949.172779166421,-0.06793850254270896,0.0,-8.821702700791166e-18
6964.053234796327,-0.06408204561226226,0.0,-1.1503985463532168e-17
6978.9336904262345,-0.05998904933245383,0.0,-1.4145399991547582e-17
6993.814146056141,-0.05567594734506664,0.0,-1.673523437354852e-17
7008.6946016860475,-0.051159981007242,0.0,-1.9262964685344333e-17
7023.575057315954,-0.04645913040299601,0.0,-2.171829773420915e-17
7038.455512945861,-0.041592042666482004,0.0,-2.409121294496343e-17
7053.335968575768,-0.03657795790305335,0.0,-2.6372003217440176e-17
7068.216424205674,-0.03143663300284037,0.0,-2.855131458887556e-17
7083.096879835581,-0.02618826364900242,0.0,-3.0620184539339284e-17
7097.977335465488,-0.020853404829072223,0.0,-3.2570078783546646e-17
7112.8577910953945,-0.01545289016284987,0.0,-3.439292639826195e-17
7127.738246725301,-0.01000775036409883,0.0,-3.6081153140983315e-17
7142.6187023552075,-0.004539131155853145,0.0,-3.7627712822677107e-17
7157.499157985115,0.0009317890395753037,0.0,-3.902611660497051e-17
7172.379613615021,0.0063838813147606005,0.0,-4.027046010038564e-17
7187.260069244928,0.011796148075598874,0.0,-4.1355448162872536e-17
7202.140524874834,0.017147804106570345,0.0,-4.227641726503829e-17
7217.020980504742,0.022418356589117533,0.0,-4.302935536805644e-17
7231.901436134648,0.027587683764318714,0.0,-4.36109192001913e-17
7246.7818917645545,0.03263611193718079,0.0,-4.401844887020866e-17
7261.662347394461,0.037544490527139665,0.0,-4.4249979752565366e-17
7276.5428030243675,0.04229426487779138,0.0,-4.4304251592184465e-17
7291.423258654275,0.0468675465483889,0.0,-4.4180714787742655e-17
7306.303714284181,0.05124718082022427,0.0,-4.3879533823714683e-17
7321.184169914088,0.05541681116261292,0.0,-4.340158783286409e-17
7336.064625543994,0.05936094041575756,0.0,-4.27484682824076e-17
7350.945081173902,0.0630649884612478,0.0,-4.1922473788662045e-17
7365.825536803808,0.06651534616529646,0.0,-4.092660207656348e-17
7380.7059924337145,0.06969942539495252,0.0,-3.976453911197384e-17
7395.586448063621,0.07260570492340838,0.0,-3.844064544612807e-17
7410.466903693528,0.07522377205708843,0.0,-3.695993982286203e-17
7425.347359323435,0.07754435983436064,0.0,-3.5328080110367434e-17
7440.227814953341,0.07955937966343357,0.0,-3.355134163008668e-17
7455.108270583248,0.08126194928517233,0.0,-3.163659296595874e-17
7469.988726213155,0.08264641596514255,0.0,-2.9591269347492836e-17
7484.869181843062,0.08370837483809458,0.0,-2.742334371006212e-17
7499.749637472968,0.084444682347244,0.0,-2.514129554531636e-17
7514.6300931028745,0.08485346474002317,0.0,-2.2754077663678856e-17
7529.510548732782,0.0849341216013968,0.0,-2.0271080999479184e-17
7544.391004362688,0.08468732442526439,0.0,-1.7702097597348728e-17
7559.271459992595,0.08411501024386894,0.0,-1.5057281926037268e-17
7574.151915622501,0.08322037035434818,0.0,-1.234711067274773e-17
7589.032371252409,0.0820078342006311,0.0,-9.582341177436031e-18
7603.912826882315,0.08048304848763473,0.0,-6.773968672235478e-18
7618.793282512222,0.07865285162310488,0.0,-3.933182496201436e-18
7633.673738142128,0.07652524360044365,0.0,-1.0713214599630404e-18
7648.5541937720345,0.07410935145333103,0.0,1.8001714614691182e-18
7663.434649401942,0.07141539042989195,0.0,4.66979492651168e-18
7678.315105031848,0.06845462105042452,0.0,7.526035331986889e-18
7693.195560661755,0.06523930222833467,0.0,1.0357413040306002e-17
7708.076016291661,0.06178264064877854,0.0,1.3152528543131855e-17
7722.956471921569,0.05809873661354322,0.0,1.590010837579806e-17
7737.836927551475,0.0542025265739214,0.0,1.858905059747548e-17
7752.717383181382,0.05010972258559922,0.0,2.120846965357279e-17
7767.597838811288,0.04583674893093676,0.0,2.374774043906157e-17
7782.478294441195,0.041400676164331254,0.0,2.619654138439085e-17
7797.358750071102,0.03681915284569411,0.0,2.8544896389309616e-17
7812.239205701008,0.03211033523529243,0.0,3.0783215434314624e-17
7827.119661330915,0.027292815230380154,0.0,3.290233370449875e-17
7842.000116960822,0.022385546830038617,0.0,3.4893549066344995e-17
7856.880572590729,0.017407771419579804,0.0,3.6748657744374947e-17
7871.761028220635,0.012378942169556331,0.0,3.8459988051611724e-17
7886.641483850542,0.007318647847021874,0.0,4.0020432035410813e-17
7901.521939480449,0.002246536338056146,0.0,4.142347490841175e-17
7916.402395110355,-0.0028177618191962336,0.0,4.266322214306912e-17
7931.282850740262,-0.007854709592704512,0.0,4.373442411745869e-17
7946.163306370168,-0.01284493900977439,0.0,4.4632498209722556e-17
7961.043762000076,-0.017769325812445252,0.0,4.53535482486381e-17
7975.924217629982,-0.02260906292658253,0.0,4.589438123828264e-17
7990.804673259889,-0.027345732461744984,0.0,4.625252128561694e-17
8005.685128889795,-0.03196137596550641,0.0,4.64262206709427e-17
8020.565584519702,-0.03643856266361821,0.0,4.641446801258518e-17
8035.446040149609,-0.04076045542610493,0.0,4.621699348877187e-17
8050.326495779515,-0.044910874209103425,0.0,4.583427109143669e-17
8065.206951409422,-0.048874356732909206,0.0,4.5267517898579686e-17
8080.087407039328,-0.05263621616826676,0.0,4.451869036376504e-17
8094.967862669236,-0.056182595615359585,0.0,4.359047763332876e-17
8109.848318299142,-0.05950051917319699,0.0,4.248629191381423e-17
8124.728773929049,-0.06257793941106791,0.0,4.121025592404118e-17
8139.609229558955,-0.06540378106842042,0.0,3.9767187477967236e-17
8154.4896851888625,-0.06796798082482775,0.0,3.816258125609169e-17
8169.370140818769,-0.07026152299760696,0.0,3.640258783452159e-17
8184.250596448675,-0.07227647104103102,0.0,3.4493990051927943e-17
8199.131052078583,-0.07400599473793054,0.0,3.2444176805422687e-17
8214.011507708488,-0.07544439299168067,0.0,3.0261114376836857e-17
8228.891963338396,-0.07658711214410252,0.0,2.795331540093075e-17
8243.772418968303,-0.07743075976255245,0.0,2.5529805596699094e-17
8258.652874598209,-0.0779731138573985,0.0,2.3000088392066305e-17
8273.533330228116,-0.0782131275091042,0.0,2.037410758091086e-17
8288.413785858022,-0.07815092890217237,0.0,1.7662208159452517e-17
8303.294241487929,-0.07778781678119753,0.0,1.4875095496522997e-17
8318.174697117836,-0.07712625136215609,0.0,1.2023792999168278e-17
8333.055152747742,-0.07616984074973794,0.0,9.119598441259575e-18
8347.93560837765,-0.07492332292896592,0.0,6.174039128404704e-18
8362.816064007557,-0.07339254341644348,0.0,3.1988260773463788e-18
8377.696519637462,-0.07158442867329107,0.0,2.058073922267101e-19
8392.57697526737,-0.06950695539809763,0.0,-2.793078976421162e-18
8407.457430897275,-0.06716911583392886,0.0,-5.785852901385636e-18
8422.337886527182,-0.06458087923862611,0.0,-8.760539986638796e-18
8437.21834215709,-0.06175314968214177,0.0,-1.1705219521577953e-17
8452.098797786995,-0.05869772034848407,0.0,-1.460807228945419e-17
8466.979253416903,-0.05542722453294807,0.0,-1.7457428038105645e-17
8481.859709046808,-0.05195508353761155,0.0,-2.0241812422212725e-17
8496.740164676716,-0.048295451679512894,0.0,-2.2949993228176415e-17
8511.620620306623,-0.044463158636532864,0.0,-2.557102569532604e-17
8526.501075936529,-0.040473649365647915,0.0,-2.809429675055362e-17
8541.381531566436,-0.03634292183692642,0.0,-3.050956797758722e-17
8556.261987196343,-0.03208746283437683,0.0,-3.280701714694359e-17
8571.142442826249,-0.02772418208143347,0.0,-3.497727813816234e-17
8586.022898456156,-0.023270344954561997,0.0,-3.7011479092133376e-17
8600.903354086062,-0.01874350405308222,0.0,-3.89012786382144e-17
8615.78380971597,-0.014161429896823292,0.0,-4.0638900048368156e-17
8630.664265345877,-0.009542041025740161,0.0,-4.2217163178640444e-17
8645.544720975782,-0.004903333776953317,0.0,-4.3629514067015774e-17
8660.42517660569,-0.0002633120150015225,0.0,-4.487005206589208e-17
8675.305632235597,0.004360082909708685,0.0,-4.593355439715212e-17
8690.186087865502,0.008949041701146368,0.0,-4.681549802799339e-17
8705.06654349541,0.013485955886410363,0.0,-4.7512078776278426e-17
8719.946999125315,0.017953485546807445,0.0,-4.802022756516983e-17
8734.827454755223,0.02233462575009639,0.0,-4.833762375811999e-17
8749.70791038513,0.0266127714287515,0.0,-4.8462705516905455e-17
8764.588366015036,0.030771780456142917,0.0,-4.839467713725516e-17
8779.468821644943,0.034796034680473244,0.0,-4.8133513328669065e-17
8794.349277274849,0.0386704986851954,0.0,-4.767996041722936e-17
8809.229732904756,0.042380776054414745,0.0,-4.703553446250871e-17
8824.110188534663,0.04591316293234818,0.0,-4.620251629203264e-17
8838.990644164569,0.04925469867732462,0.0,-4.5183943469106353e-17
8853.871099794476,0.052393213422938706,0.0,-4.3983599222122233e-17
8868.751555424384,0.055317372371782546,0.0,-4.2605998375676505e-17
8883.63201105429,0.058016716660674233,0.0,-4.1056370335878234e-17
8898.512466684197,0.06048170065033424,0.0,-3.934063919410414e-17
8913.392922314102,0.06270372550704943,0.0,-3.746540102507845e-17
8928.27337794401,0.0646751689589193,0.0,-3.5437898466479494e-17
8943.153833573917,0.06638941112472646,0.0,-3.326599267828719e-17
8958.034289203822,0.06784085632928477,0.0,-3.0958132790686226e-17
8972.91474483373,0.06902495083519884,0.0,-2.8523322959545483e-17
8987.795200463637,0.0699381964372611,0.0,-2.5971087158215645e-17
9002.675656093543,0.07057815988218509,0.0,-2.3311431843618587e-17
9017.55611172345,0.07094347809289137,0.0,-2.0554806643272737e-17
9032.436567353356,0.07103385919312628,0.0,-1.7712063218020494e-17
9047.317022983263,0.07085007934471921,0.0,-1.4794412462701605e-17
9062.19747861317,0.07039397542617659,0.0,-1.181338021388981e-17
9077.077934243076,0.06966843359754146,0.0,-8.78076163997317e-18
9091.958389872983,0.06867737381244292,0.0,-5.7085744943639755e-18
9106.83884550289,0.06742573035395522,0.0,-2.609011417397734e-18
9121.719301132796,0.06591942848620425,0.0,5.05608523501548e-19
9136.599756762704,0.06416535732858078,0.0,3.622888862516405e-18
9151.48021239261,0.062171339073853374,0.0,6.7304051376050436e-18
9166.360668022517,0.059946094685363105,0.0,9.8157544690464e-18
9181.241123652424,0.05749920622180333,0.0,1.2866605116293286e-17
9196.12157928233,0.05484107595076878,0.0,1.5870745814929903e-17
9211.002034912237,0.05198288242423885,0.0,1.8816134696167818e-17
9225.882490542142,0.04893653370044522,0.0,2.1690947592735348e-17
9240.76294617205,0.04571461790703553,0.0,2.448362553726131e-17
9255.643401801957,0.04233035135017,0.0,2.7182921262217283e-17
9270.523857431863,0.038797524382985914,0.0,2.9777944514284265e-17
9285.40431306177,0.03513044525485992,0.0,3.225820600050263e-17
9300.284768691678,0.031343882169935014,0.0,3.461365978883833e-17
9315.165224321583,0.02745300378952923,0.0,3.683474399175441e-17
9330.04567995149,0.023473318418194937,0.0,3.8912419568062326e-17
9344.926135581396,0.019420612117439548,0.0,4.0838207085639985e-17
9359.806591211303,0.015310885994327263,0.0,4.260422129558829e-17
9374.68704684121,0.011160292914450747,0.0,4.4203203376962825e-17
9389.567502471116,0.006985073889982887,0.0,4.562855072038422e-17
9404.447958101024,0.002801494393798065,0.0,4.6874344128505704e-17
9419.328413730931,-0.001374219150085433,0.0,4.79353723215062e-17
9434.208869360837,-0.005525942451229532,0.0,4.8807153646433576e-17
9449.089324990744,-0.009637715766835149,0.0,4.9485954900273997e-17
9463.96978062065,-0.013693805402952827,0.0,4.996880718806488e-17
9478.850236250557,-0.017678764065288843,0.0,5.0253518749136054e-17
9493.730691880464,-0.02157748982753465,0.0,5.0338684696603114e-17
9508.61114751037,-0.025375283491585146,0.0,5.022369362751696e-17
9523.491603140277,-0.029057904121277664,0.0,4.990873107353644e-17
9538.372058770183,-0.032611622539390234,0.0,4.939477977458469e-17
9553.25251440009,-0.036023272586566,0.0,4.8683616770632284e-17
9568.132970029998,-0.03928029995047145,0.0,4.777780731946215e-17
9583.013425659903,-0.04237080838390684,0.0,4.6680695660968223e-17
9597.89388128981,-0.04528360314163728,0.0,4.539639266116544e-17
9612.774336919718,-0.048008231477390584,0.0,4.392976038160307e-17
9627.654792549623,-0.050535020054755415,0.0,4.228639363220535e-17
9642.53524817953,-0.05285510913848953,0.0,4.047259857769057e-17
9657.415703809436,-0.054960483446017505,0.0,3.849536847957257e-17
9672.296159439344,-0.0568439995525974,0.0,3.636235666728214e-17
9687.176615069251,-0.05849940975767145,0.0,3.408184684313393e-17
9702.057070699157,-0.059921382334287086,0.0,3.16627208366208e-17
9716.937526329064,-0.06110551809807489,0.0,2.911442393384737e-17
9731.817981958971,-0.062048363247068375,0.0,2.644692791774575e-17
9746.698437588877,-0.06274741843858274,0.0,2.3670691963997864e-17
9761.578893218784,-0.06320114408435311,0.0,2.0796621546330917e-17
9776.45934884869,-0.06340896186015718,0.0,1.7836025512973054e-17
9791.339804478597,-0.06337125244109264,0.0,1.4800571503525773e-17
9806.220260108505,-0.0630893494885306,0.0,1.1702239882344465e-17
9821.10071573841,-0.06256552992945846,0.0,8.553276370623159e-18
9835.981171368318,-0.061803000583367976,0.0,5.366143564778787e-18
9850.861626998225,-0.06080588120603815,0.0,2.153471533393537e-18
9865.74208262813,-0.05957918403338566,0.0,-1.0719923111577649e-18
9880.622538258038,-0.05812878992201587,0.0,-4.2974338671415704e-18
9895.502993887943,-0.056461421196124593,0.0,-7.510023322390855e-18
9910.38344951785,-0.05458461132288853,0.0,-1.0696966254659754e-17
9925.263905147758,-0.052506671550500185,0.0,-1.3845554649608501e-17
9940.144360777664,-0.05023665465435908,0.0,-1.6943217632765713e-17
9955.024816407571,-0.0477843159477236,0.0,-1.9977571712712345e-17
9969.905272037477,-0.04516007172321079,0.0,-2.2936470334480093e-17
9984.785727667384,-0.042374955300929856,0.0,-2.580805254469892e-17
9999.666183297291,-0.0394405708676974,0.0,-2.8580790573349844e-17
10014.546638927197,-0.03636904529964663,0.0,-3.1243536141121056e-17
10029.427094557104,-0.033172978167645334,0.0,-3.378556530623272e-17
10044.307550187012,-0.029865390131202565,0.0,-3.6196621670232533e-17
10059.188005816917,-0.026459669931938712,0.0,-3.846695776864036e-17
10074.068461446825,-0.022969520202271644,0.0,-4.0587374479367994e-17
10088.94891707673,-0.019408902308648363,0.0,-4.254925828957996e-17
10103.829372706638,-0.01579198045142203,0.0,-4.434461627005652e-17
10118.709828336545,-0.01213306524539759,0.0,-4.596610861509708e-17
10133.59028396645,-0.008446557006044741,0.0,-4.7407078615583857e-17
10148.470739596358,-0.004746888966495458,0.0,-4.86615799429225e-17
10163.351195226265,-0.001048470649627889,0.0,-4.97244011321972e-17
10178.23165085617,0.0026343683821267797,0.0,-5.059108716392528e-17
10193.112106486078,0.006287434179193224,0.0,-5.125795805528229e-17
10207.992562115984,0.009896723242817713,0.0,-5.1722124383503814e-17
10222.873017745891,0.013448476336230995,0.0,-5.1981499676342164e-17
10237.753473375798,0.01692923106170404,0.0,-5.203480961687973e-17
10252.633929005704,0.020325873002119875,0.0,-5.1881598022669025e-17
10267.514384635611,0.02362568523232806,0.0,-5.1522229571991057e-17
10282.394840265519,0.02681639601296424,0.0,-5.095788926297989e-17
10297.275295895424,0.029886224487543835,0.0,-5.019057860437791e-17
10312.155751525332,0.03282392421242502,0.0,-4.9223108549725395e-17
10327.036207155237,0.035618824358664036,0.0,-4.805908919979391e-17
10341.916662785145,0.03826086843483136,0.0,-4.6702916310982274e-17
10356.797118415052,0.0407406503904063,0.0,-4.5159754660183397e-17
10371.677574044958,0.043049447970485294,0.0,-4.3435518329208395e-17
10386.558029674865,0.04517925320406892,0.0,-4.153684798420988e-17
10401.43848530477,0.047122799920161,0.0,-3.947108523760875e-17
10416.318940934678,0.04887358819824423,0.0,-3.72462441917409e-17
10431.199396564585,0.0504259056723223,0.0,-3.487098027479024e-17
10446.07985219449,0.051774845620631664,0.0,-3.235455649046908e-17
10460.960307824398,0.052916321786229806,0.0,-2.97068072133509e-17
10475.840763454305,0.05384707988690958,0.0,-2.6938099671665137e-17
10490.721219084211,0.05456470578628715,0.0,-2.405929326872927e-17
10505.601674714118,0.055067630311279314,0.0,-2.108169690295443e-17
10520.482130344024,0.055355130714619005,0.0,-1.8017024454503883e-17
10535.362585973931,0.05542732879437541,0.0,-1.4877348614133824e-17
10550.243041603839,0.05528518569568881,0.0,-1.1675053236554762e-17
10565.123497233744,0.054930493432974424,0.0,-8.42278440667602e-18
10580.003952863652,0.054365863183706314,0.0,-5.133400412430911e-18
10594.884408493559,0.053594710417446664,0.0,-1.8199208224076375e-18
10609.764864123465,0.052621236936073415,0.0,1.5045251297201795e-18
10624.645319753372,0.0514504099130097,0.0,4.82675064903335e-18
10639.525775383278,0.050087938030774805,0.0,8.133563764390039e-18
10654.406231013185,0.04854024482717929,0.0,1.1411819786246047e-17
10669.286686643092,0.04681443937103271,0.0,1.4648473628384222e-17
10684.167142272998,0.04491828439820555,0.0,1.78306317850368e-17
10699.047597902905,0.0428601620483191,0.0,2.0945603756045784e-17
10713.92805353281,0.04064903735114853,0.0,2.3980952714715447e-17
10728.808509162718,0.03829441961997454,0.0,2.692454521585837e-17
10743.688964792625,0.03580632191662886,0.0,2.976459974515677e-17
10758.569420422531,0.03319521875978655,0.0,3.248973391539979e-17
10773.449876052438,0.03047200225410561,0.0,3.5089010120387286e-17
10788.330331682346,0.0276479368231803,0.0,3.755197946324563e-17
10803.210787312251,0.024734612733831596,0.0,3.9868723782623703e-17
10818.091242942159,0.02174389860305896,0.0,4.202989560765632e-17
10832.971698572064,0.018687893082005434,0.0,4.402675588067339e-17
10847.852154201972,0.015578875913479229,0.0,4.5851209295404045e-17
10862.732609831879,0.012429258561032379,0.0,4.749583710776262e-17
10877.613065461785,0.009251534608180227,0.0,4.8953927286272246e-17
10892.493521091692,0.006058230126188682,0.0,5.0219501879646165e-17
10907.3739767216,0.002861854207880307,0.0,5.1287341490028564e-17
10922.254432351505,-0.0003251501368664936,0.0,5.2153006751838125e-17
10937.134887981412,-0.003490454530770501,0.0,5.281285672798647e-17
10952.015343611318,-0.006621893034099387,0.0,5.326406414745552e-17
10966.895799241225,-0.009707509019118515,0.0,5.350462742073052e-17
10981.776254871133,-0.012735600932981407,0.0,5.353337938236446e-17
10996.656710501038,-0.015694766773495045,0.0,5.334999272294745e-17
11011.537166130945,-0.018573947108318015,0.0,5.295498208590336e-17
11026.417621760853,-0.021362466474940896,0.0,5.234970281780238e-17
11041.298077390758,-0.024050073006213424,0.0,5.1536346374197373e-17
11056.178533020666,-0.026626976134159548,0.0,5.051793239631262e-17
11071.058988650571,-0.029083882233357287,0.0,4.9298297487189305e-17
11085.939444280479,-0.031412028074224066,0.0,4.788208072905516e-17
11100.819899910386,-0.03360321196603664,0.0,4.6274705996707895e-17
11115.700355540292,-0.03564982247949354,0.0,4.4482361134499514e-17
11130.580811170199,-0.0375448646489439,0.0,4.2511974077059687e-17
11145.461266800105,-0.03928198356509482,0.0,4.037118600613789e-17
11160.341722430012,-0.0408554852799901,0.0,3.8068321647811136e-17
11175.22217805992,-0.04226035495728326,0.0,3.561235682579655e-17
11190.102633689825,-0.04349227221226961,0.0,3.30128833976104e-17
11204.983089319732,-0.04454762359773976,0.0,3.0280071710852746e-17
11219.86354494964,-0.045423512203426684,0.0,2.7424630726886626e-17
11234.744000579545,-0.04611776434859688,0.0,2.4457765968572512e-17
11249.624456209453,-0.046628933359116644,0.0,2.1391135457529205e-17
11264.504911839358,-0.04695630043208551,0.0,1.8236803814521193e-17
11279.385367469265,-0.04709987260281017,0.0,1.5007194704023304e-17
11294.265823099173,-0.04706037784043665,0.0,1.1715041810767631e-17
11309.146278729078,-0.04683925730993464,0.0,8.373338542050208e-18
11324.026734358986,-0.046438654849291744,0.0,4.995286654820516e-18
11338.907189988893,-0.04586140372167584,0.0,1.5942440110174198e-18
11353.787645618799,-0.04511101071290598,0.0,-1.816328331770832e-18
11368.668101248706,-0.04419163765482635,0.0,-5.2229194844164725e-18
11383.548556878612,-0.04310808046504898,0.0,-8.612022333250589e-18
11398.429012508519,-0.041865745802944145,0.0,-1.1970187176951873e-17
11413.309468138426,-0.04047062545075846,0.0,-1.5284075180019302e-17
11428.189923768332,-0.03892926853722003,0.0,-1.8540511430100084e-17
11443.07037939824,-0.03724875172894098,0.0,-2.1726537387852636e-17
11457.950835028145,-0.03543664752235258,0.0,-2.4829462520265614e-17
11472.831290658052,-0.03350099077570568,0.0,-2.7836914911469e-17
11487.71174628796,-0.031450243626921365,0.0,-3.0736890648947093e-17
11502.592201917865,-0.0292932589486356,0.0,-3.35178017878173e-17
11517.472657547773,-0.027039242496745493,0.0,-3.6168522701322953e-17
11532.35311317768,-0.024697713913048515,0.0,-3.867843463196637e-17
11547.233568807585,-0.022278466746147786,0.0,-4.1037468264742836e-17
11562.114024437493,-0.01979152765773952,0.0,-4.3236144151652325e-17
11576.994480067398,-0.017247114983601992,0.0,-4.526561082509842e-17
11591.874935697306,-0.014655596820129999,0.0,-4.711768044685712e-17
11606.755391327213,-0.01202744880808388,0.0,-4.878486184898011e-17
11621.635846957119,-0.009373211785319621,0.0,-5.026039083328253e-17
11636.516302587026,-0.006703449479698802,0.0,-5.153825760685993e-17
11651.396758216933,-0.0040287064121005065,0.0,-5.2613231242385345e-17
11666.277213846839,-0.0013594661774854189,0.0,-5.34808810637012e-17
11681.157669476746,0.0012938897306541478,0.0,-5.4137594869369076e-17
11696.038125106652,0.003921122390408045,0.0,-5.4580593919359933e-17
11710.91858073656,0.006512175058017516,0.0,-5.4807944622893485e-17
11725.799036366467,0.009057211757313097,0.0,-5.4818566878507666e-17
11740.679491996372,0.01154665470359234,0.0,-5.461223903072418e-17
11755.55994762628,0.013971220419211235,0.0,-5.41895994211074e-17
11770.440403256187,0.016321954404425007,0.0,-5.355214452504816e-17
11785.320858886093,0.0185902642337916,0.0,-5.270222367917326e-17
11800.201314516,0.0207679509557087,0.0,-5.164303041784952e-17
11815.081770145905,0.022847238680366963,0.0,-5.037859045075215e-17
11829.962225775813,0.024820802249549197,0.0,-4.891374632684308e-17
11844.84268140572,0.026681792890199764,0.0,-4.725413884332624e-17
11859.723137035626,0.02842386176257241,0.0,-4.5406185271121383e-17
11874.603592665533,0.030041181322922692,0.0,-4.337705448111733e-17
11889.484048295439,0.0315284644301452,0.0,-4.117463906784483e-17
11904.364503925346,0.03288098113544258,0.0,-3.8807524579219644e-17
11919.244959555253,0.034094573103931325,0.0,-3.628495597258477e-17
11934.125415185159,0.03516566562712142,0.0,-3.3616801428397844e-17
11949.005870815066,0.03609127719528107,0.0,-3.081351366350064e-17
11963.886326444974,0.0368690266088707,0.0,-2.7886088895958074e-17
11978.76678207488,0.037497137618410184,0.0,-2.4846023622875383e-17
11993.647237704787,0.03797444109228795,0.0,-2.170526938142388e-17
12008.527693334692,0.03830037472212846,0.0,-1.847618567143642e-17
12023.4081489646,0.03847498028530636,0.0,-1.517149122534717e-17
12038.288604594507,0.03849889849403096,0.0,-1.1804213817961456e-17
12053.169060224413,0.03837336147010109,0.0,-8.387638814469546e-18
12068.04951585432,0.038100182893821014,0.0,-4.935256660252652e-18
12082.929971484227,0.03768174588475858,0.0,-1.460709520387632e-18
12097.810427114133,0.037120988680889574,0.0,2.0222627197412806e-18
12112.69088274404,0.036421388191189834,0.0,5.499876878635794e-18
12127.571338373946,0.03558694150492942,0.0,8.958361111757048e-18
12142.451794003853,0.03462214544865515,0.0,1.2384009536610869e-17
12157.33224963376,0.03353197428922922,0.0,1.5763236632834696e-17
12172.212705263666,0.03232185568814181,0.0,1.908263120106972e-17
12187.093160893573,0.030997645018746377,0.0,2.232900966599068e-17
12201.973616523479,0.029565598163944173,0.0,2.5489468511355875e-17
12216.854072153386,0.02803234291725185,0.0,2.85514356382432e-17
12231.734527783294,0.026404849114972533,0.0,3.150272044180613e-17
12246.6149834132,0.024690397631504997,0.0,3.433156240683286e-17
12261.495439043107,0.022896548373487417,0.0,3.7026678028169895e-17
12276.375894673014,0.021031107411607283,0.0,3.9577305868596425e-17
12291.25635030292,0.01910209339139341,0.0,4.197324957404325e-17
12306.136805932827,0.017117703366239224,0.0,4.420491867404339e-17
12321.017261562733,0.015086278197205427,0.0,4.6263367004001484e-17
12335.89771719264,0.013016267664833485,0.0,4.8140328595235777e-17
12350.778172822547,0.010916195438303584,0.0,4.9828250888703457e-17
12365.658628452453,0.008794624046758966,0.0,5.1320325138873734e-17
12380.53908408236,0.00666011999648905,0.0,5.2610513885310205e-17
12395.419539712268,0.00452121917598447,0.0,5.369357538109206e-17
12410.299995342173,0.0023863926885876463,0.0,5.456508487924021e-17
12425.18045097208,0.0002640132496205469,0.0,5.522145269074098e-17
12440.060906601986,-0.001837677718509477,0.0,5.565993894053568e-17
12454.941362231893,-0.0039106021636654414,0.0,5.587866496093056e-17
12469.8218178618,-0.005946876528648157,0.0,5.587662127519909e-17
12484.702273491706,-0.007938841802969214,0.0,5.565367213767982e-17
12499.582729121614,-0.009879092386897312,0.0,5.521055661032968e-17
12514.463184751521,-0.01176050365877642,0.0,5.454888616944774e-17
12529.343640381427,-0.013576258142860398,0.0,5.367113885006565e-17
12544.224096011334,-0.015319870181526432,0.0,5.258064994926227e-17
12559.10455164124,-0.016985209022703757,0.0,5.128159932334576e-17
12573.985007271147,-0.018566520240667884,0.0,4.9778995327393374e-17
12588.865462901054,-0.020058445415916948,0.0,4.807865545901527e-17
12603.74591853096,-0.021456040007708045,0.0,4.6187183781325624e-17
12618.626374160867,-0.022754789360884077,0.0,4.411194521294766e-17
12633.506829790773,-0.023950622796873922,0.0,4.186103678537656e-17
12648.38728542068,-0.02503992574714475,0.0,3.944325598011233e-17
12663.267741050588,-0.026019549895897214,0.0,3.6868066269656755e-17
12678.148196680493,-0.02688682130737778,0.0,3.414555999762073e-17
12693.0286523104,-0.027639546521814114,0.0,3.1286418743846604e-17
12707.909107940308,-0.028276016612595375,0.0,2.830187133051109e-17
12722.789563570213,-0.02879500920593844,0.0,2.5203649634625073e-17
12737.67001920012,-0.029195788472775982,0.0,2.2003942381148332e-17
12752.550474830026,-0.029478103111052173,0.0,1.8715347099056713e-17
12767.430930459934,-0.029642182344869303,0.0,1.535082043006734e-17
12782.311386089841,-0.029688729975054718,0.0,1.1923626986401285e-17
12797.191841719747,-0.029618916523600373,0.0,8.447286959792194e-18
12812.072297349654,-0.029434369522098054,0.0,4.93552268903302e-18
12826.952752979561,-0.029137162001685167,0.0,1.4022043975941328e-18
12841.833208609467,-0.028729799249095946,0.0,-2.138704683771513e-18
12856.713664239374,-0.02821520390018976,0.0,-5.673203591948052e-18
12871.59411986928,-0.027596699448730763,0.0,-9.187309084740666e-18
12886.474575499187,-0.026877992254223663,0.0,-1.2667111052547637e-17
12901.355031129095,-0.02606315213824987,0.0,-1.6098827668488555e-17
12916.235486759,-0.02515659166393895,0.0,-1.946886005801285e-17
12931.115942388908,-0.02416304419798846,0.0,-2.2763846270796195e-17
12945.996398018815,-0.023087540858951466,0.0,-2.5970714340399877e-17
12960.87685364872,-0.02193538645932873,0.0,-2.907673422070754e-17
12975.757309278628,-0.020712134552359963,0.0,-3.2069568392496003e-17
12990.637764908533,-0.019423561697254413,0.0,-3.49373209386823e-17
13005.51822053844,-0.01807564105892557,0.0,-3.7668584892793735e-17
13020.398676168348,-0.01667451546013792,0.0,-4.025248767195259e-17
13035.279131798254,-0.01522647000526639,0.0,-4.2678734413203256e-17
13050.159587428161,-0.013737904395675425,0.0,-4.4937649040238685e-17
13065.040043058067,-0.012215305056967232,0.0,-4.702021289653276e-17
13079.920498687974,-0.010665217198126874,0.0,-4.891810079046266e-17
13094.800954317881,-0.009094216921821136,0.0,-5.062371430821188e-17
13109.681409947787,-0.007508883503836154,0.0,-5.213021226104196e-17
13124.561865577694,-0.0059157719578884355,0.0,-5.343153814482752e-17
13139.442321207602,-0.004321385999796361,0.0,-5.4522444501561343e-17
13154.322776837507,-0.0027321515222698545,0.0,-5.539851408479728e-17
13169.203232467415,-0.0011543906884135327,0.0,-5.605617774363527e-17
13184.08368809732,0.00040570325158444803,0.0,-5.649272895285184e-17
13198.964143727228,0.0019420903201432804,0.0,-5.670633493006267e-17
13213.844599357135,0.003448907252357282,0.0,-5.669604429432777e-17
13228.72505498704,0.004920489925264886,0.0,-5.646179123432592e-17
13243.605510616948,0.006351394690307703,0.0,-5.600439616806474e-17
13258.485966246855,0.00773641852847335,0.0,-5.532556289001781e-17
13273.36642187676,0.009070617953428659,0.0,-5.442787221552266e-17
13288.246877506668,0.010349326594028832,0.0,-5.3314772146181864e-17
13303.127333136574,0.011568171393922133,0.0,-5.1990564593835585e-17
13318.007788766481,0.012723087372532235,0.0,-5.046038871434302e-17
13332.888244396388,0.013810330898425455,0.0,-4.8730200915899e-17
13347.768700026294,0.01482649143298928,0.0,-4.68067516198295e-17
13362.649155656201,0.015768501709372426,0.0,-4.469755886474185e-17
13377.529611286107,0.016633646318750347,0.0,-4.241087885746337e-17
13392.410066916014,0.017419568683190566,0.0,-3.995567358636545e-17
13407.290522545922,0.018124276401599256,0.0,-3.734157562438272e-17
13422.170978175827,0.018746144962458643,0.0,-3.4578850260226295e-17
13437.051433805735,0.019283919824258103,0.0,-3.1678355106959775e-17
13451.931889435642,0.019736716871652106,0.0,-2.865149734717919e-17
13466.812345065548,0.020104021262417386,0.0,-2.551018878346056e-17
13481.692800695455,0.02038568468719349,0.0,-2.2266798871534496e-17
13496.57325632536,0.02058192107074917,0.0,-1.893410592170302e-17
13511.453711955268,0.020693300750124304,0.0,-1.5525246661364642e-17
13526.334167585175,0.02072074317132403,0.0,-1.2053664358074315e-17
13541.21462321508,0.020665508152428312,0.0,-8.53305570836279e-18
13556.095078844988,0.020529185766821945,0.0,-4.977316702500053e-18
13570.975534474896,0.02031368490586586,0.0,-1.4004876795415915e-18
13585.855990104801,0.02002122058559588,0.0,2.1833022097380137e-18
13600.736445734708,0.019654300067012142,0.0,5.759890911977595e-18
13615.616901364614,0.01921570786411729,0.0,9.31513953082529e-18
13630.497356994521,0.018708489718110257,0.0,1.2834988314746657e-17
13645.377812624429,0.018135935619995082,0.0,1.6305512350979825e-17
13660.258268254334,0.017501561967353457,0.0,1.9712976744671274e-17
13675.138723884242,0.016809092944046256,0.0,2.3043891064209192e-17
13690.019179514149,0.01606244121427417,0.0,2.6285062836591913e-17
13704.899635144055,0.01526568802462636,0.0,2.942364988038348e-17
13719.780090773962,0.014423062809507257,0.0,3.244721126835052e-17
13734.660546403868,0.01353892239667661,0.0,3.5343756717234986e-17
13749.541002033775,0.012617729910508961,0.0,3.8101794208322556e-17
13764.421457663682,0.011664033471036797,0.0,4.071037564938932e-17
13779.301913293588,0.010682444786825902,0.0,4.315914039635957e-17
13794.182368923495,0.009677617739301016,0.0,4.543835646142236e-17
13809.0628245534,0.008654227055263218,0.0,4.7538959243485825e-17
13823.943280183308,0.007616947163026654,0.0,4.9452587626645065e-17
13838.823735813216,0.006570431325887964,0.0,5.117161730271984e-17
13853.704191443121,0.00551929114450609,0.0,5.268919118490351e-17
13868.584647073028,0.004468076517235589,0.0,5.3999246791065954e-17
13883.465102702936,0.0034212561445528325,0.0,5.5096540487238205e-17
13898.345558332841,0.002383198660424954,0.0,5.597666849424478e-17
13913.226013962749,0.00135815446984891,0.0,5.663608457325659e-17
13928.106469592654,0.0003502383678287632,0.0,5.707211431919482e-17
13942.986925222562,-0.0006365869892200893,0.0,5.728296600436109e-17
13957.867380852469,-0.001598526693203088,0.0,5.726773792833544e-17
13972.747836482375,-0.0025319682136110966,0.0,5.70264222440381e-17
13987.628292112282,-0.0034334949897867756,0.0,5.655990524382509e-17
14002.50874774219,-0.004299898934947137,0.0,5.58699641035286e-17
14017.389203372095,-0.005128191806207695,0.0,5.4959260096406446e-17
14032.269659002002,-0.005915615400500715,0.0,5.3831328302974594e-17
14047.150114631908,-0.0066596505420730145,0.0,5.2490563856609597e-17
14062.030570261815,-0.007358024833159026,0.0,5.094220477855485e-17
14076.911025891723,-0.00800871914540896,0.0,4.919231146952218e-17
14091.791481521628,-0.008609972835708468,0.0,4.7247742938349085e-17
14106.671937151536,-0.009160287676101032,0.0,4.5116129861145e-17
14121.552392781441,-0.009658430493609767,0.0,4.280584457696024e-17
14136.432848411348,-0.010103434521808292,0.0,4.0325968138178617e-17
14151.313304041256,-0.010494599471990496,0.0,3.7686254545561926e-17
14166.193759671161,-0.010831490337720021,0.0,3.4897092309064184e-17
14181.074215301069,-0.011113934952342714,0.0,3.1969463486176764e-17
14195.954670930976,-0.011342020324736177,0.0,2.891490035961717e-17
14210.835126560882,-0.011516087784090637,0.0,2.574543992555558e-17
14225.715582190789,-0.01163672696984807,0.0,2.2473576372314888e-17
14240.596037820695,-0.011704768708075627,0.0,1.911221173748981e-17
14255.476493450602,-0.011721276820432634,0.0,1.5674604938676758e-17
14270.35694908051,-0.011687538916566187,0.0,1.217431937953334e-17
14285.237404710415,-0.011605056225133128,0.0,8.625169338544103e-18
14300.117860340322,-0.011475532522758564,0.0,5.041165352766861e-18
14314.99831597023,-0.011300862224012484,0.0,1.436458812851169e-18
14329.878771600135,-0.011083117698966609,0.0,-2.1747140112055733e-18
14344.759227230043,-0.01082453588801335,0.0,-5.77808829180238e-18
14359.639682859948,-0.010527504286412154,0.0,-9.359427089779188e-18
14374.520138489856,-0.010194546373442153,0.0,-1.2904577701059376e-17
14389.400594119763,-0.009828306563105644,0.0,-1.6399527680499237e-17
14404.281049749668,-0.009431534754979425,0.0,-1.9830460320832957e-17
14419.161505379576,-0.009007070565115693,0.0,-2.318380936669849e-17
14434.041961009483,-0.008557827317797084,0.0,-2.6446312746726856e-17
14448.922416639389,-0.008086775879452102,0.0,-2.960506511055372e-17
14463.802872269296,-0.0075969284161789205,0.0,-3.264756896229443e-17
14478.683327899202,-0.00709132215604396,0.0,-3.5561784187567793e-17
14493.563783529109,-0.006573003236691813,0.0,-3.833617577749711e-17
14508.444239159016,-0.00604501071775871,0.0,-4.0959759560220483e-17
14523.324694788922,-0.005510360836184829,0.0,-4.342214575834057e-17
14538.20515041883,-0.004972031580755293,0.0,-4.571358019932055e-17
14553.085606048735,-0.0044329476600795045,0.0,-4.7824983015119376e-17
14567.966061678642,-0.003895965935740743,0.0,-4.974798467731009e-17
14582.84651730855,-0.0033638613895699693,0.0,-5.1474959224446656e-17
14597.726972938455,-0.002839313690868442,0.0,-5.299905454958651e-17
14612.607428568363,-0.0023248944260063076,0.0,-5.4314219627501076e-17
14627.48788419827,-0.001823055049121565,0.0,-5.5415228573237255e-17
14642.368339828176,-0.0013361156086941078,0.0,-5.62977014362471e-17
14657.248795458083,-0.000866254300566166,0.0,-5.695812164723353e-17
14672.129251087988,-0.00041549789355398853,0.0,-5.739385004813427e-17
14687.009706717896,1.4286930820957278e-05,0.0,-5.76031354492042e-17
14701.890162347803,0.0004214012877600745,0.0,-5.758512167092642e-17
14716.770617977709,0.0008043208160111517,0.0,-5.733985104242282e-17
14731.651073607616,0.0011617013954081656,0.0,-5.686826434208221e-17
14746.531529237524,0.0014923838336433834,0.0,-5.617219718023847e-17
14761.411984867429,0.0017953975060623281,0.0,-5.525437283784e-17
14776.292440497336,0.002069962937601512,0.0,-5.411839158911246e-17
14791.172896127242,0.0023154933213470202,0.0,-5.276871655016335e-17
14806.05335175715,0.0025315949735630755,0.0,-5.121065610926394e-17
14820.933807387057,0.002718066730369166,0.0,-4.94503430081027e-17
14835.814263016962,0.002874898296556537,0.0,-4.749471015659875e-17
14850.69471864687,0.0030022675622453643,0.0,-4.5351463276822557e-17
14865.575174276775,0.00310053690822204,0.0,-4.3029050484164624e-17
14880.455629906683,0.0031702485257924587,0.0,-4.053662892603373e-17
14895.33608553659,0.003212118781861749,0.0,-3.7884028610069e-17
14910.216541166496,0.0032270316646332217,0.0,-3.508171356498406e-17
14925.096996796403,0.003216031349835908,0.0,-3.214074048777059e-17
14939.97745242631,0.0031803139316746026,0.0,-2.907271504095592e-17
14954.857908056216,0.0031212183667773397,0.0,-2.5889745972954727e-17
14969.738363686123,0.0030402166832086096,0.0,-2.2604397243182237e-17
14984.618819316029,0.0029389035101807758,0.0,-1.9229638341540818e-17
14999.499274945936,0.0028189849873568283,0.0,-1.577879299904668e-17
15014.379730575843,0.0026822671156028714,0.0,-1.2265486492776342e-17
15029.260186205749,0.0025306436136946437,0.0,-8.703591753873037e-18
15044.140641835656,0.002366083347825778,0.0,-5.107174492134895e-18
15059.021097465564,0.0021906174027364654,0.0,-1.4904375546013255e-18
15073.90155309547,0.002006325864961652,0.0,2.132335261383601e-18
15088.782008725377,0.0018153243899625146,0.0,5.746835718000122e-18
15103.662464355282,0.0016197506258595114,0.0,9.338787745728556e-18
15118.54291998519,0.0014217505670697343,0.0,1.2894003926750011e-17
15133.423375615097,0.0012234649113571396,0.0,1.6398441629115084e-17
15148.303831245003,0.0010270154936510498,0.0,1.9838258569229508e-17
15163.18428687491,0.0008344918694833912,0.0,2.3199867582446083e-17
15178.064742504817,0.0006479381200218161,0.0,2.6469990384688314e-17
15192.945198134723,0.0004693399494348771,0.0,2.9635710112046316e-17
15207.82565376463,0.00030061214375779605,0.0,3.268452243010951e-17
15222.706109394536,0.0001435864585023136,0.0,3.5604385010470595e-17
15237.586565024443,-2.983724378680108e-16,0.0,3.838376517832795e-17
15252.46702065435,-0.00012851583711600417,0.0,4.1011685542339104e-17
15267.347476284256,-0.00024044581674498994,0.0,4.347776742589805e-17
15282.227931914163,-0.00033440063613753013,0.0,4.577227192772199e-17
15297.108387544069,-0.0004091259757904586,0.0,4.788613844902783e-17
15311.988843173976,-0.00046351077526171625,0.0,4.981102053464565e-17
15326.869298803884,-0.0004965946896922507,0.0,5.1539318886044395e-17
15341.74975443379,-0.000507574686030618,0.0,5.3064211415487474e-17
15356.630210063697,-0.0004958107423420691,0.0,5.437968022225359e-17
15371.510665693604,-0.00046083061817826093,0.0,5.5480535384077165e-17
15386.39112132351,-0.00040233366871089,0.0,5.636243546958963e-17
15401.271576953417,-0.0003201936802398331,0.0,5.702190469055461e-17
15416.152032583323,-0.0002144607096678311,0.0,5.745634662601217e-17
15431.03248821323,-8.536191563513623e-05,0.0,5.766405446404976e-17
15445.912943843137,6.669862583302127e-05,0.0,5.764421772072591e-17
15460.793399473043,0.00024114112311056368,0.0,5.739692540964941e-17
15475.67385510295,0.0004372122849109622,0.0,5.692316564978986e-17
15490.554310732858,0.0006539885418930663,0.0,5.622482171322531e-17
15505.434766362763,0.0008903802602627936,0.0,5.5304664528648736e-17
15520.31522199267,0.0011451369285778376,0.0,5.4166341670511334e-17
15535.195677622576,0.0014168532939181563,0.0,5.2814362877619376e-17
15550.076133252483,0.0017039764186573894,0.0,5.125408215875712e-17
15564.95658888239,0.002004813624263184,0.0,4.949167655644719e-17
15579.837044512296,0.002317541283904441,0.0,4.7534121653205004e-17
15594.717500142204,0.0026402144211770326,0.0,4.538916391755714e-17
15609.597955772111,0.002970777067978103,0.0,4.306528999962807e-17
15624.478411402017,0.0033070733305153865,0.0,4.057169309817724e-17
15639.358867031924,0.0036468591086178184,0.0,3.79182365325839e-17
15654.23932266183,0.0039878144099559296,0.0,3.511541466435601e-17
15669.119778291737,0.0043275561975172,0.0,3.217431132322132e-17
15684.000233921644,0.004663651705669927,0.0,2.910655590277042e-17
15698.88068955155,0.004993632157502384,0.0,2.592427729982385e-17
15713.761145181457,0.005315006813739774,0.0,2.264005588025084e-17
15728.641600811363,0.005625277281540785,0.0,1.926687366177117e-17
15743.52205644127,0.005921952009783465,0.0,1.5818062911320505e-17
15758.402512071178,0.00620256089613039,0.0,1.230725336084566e-17
15773.282967701083,0.006464669930209448,0.0,8.748318250831867e-18
15788.16342333099,0.0067058957966334215,0.0,5.155319415509214e-18
15803.043878960898,0.006923920361366487,0.0,1.5424516274677094e-18
15817.924334590803,0.0071165049651030245,0.0,-2.07601357769557e-18
15832.80479022071,0.0072815044478198475,0.0,-5.6857843740201684e-18
15847.685245850616,0.007416880829581379,0.0,-9.27260519127953e-18
15862.565701480524,0.007520716573935976,0.0,-1.282231311045337e-17
15877.446157110431,0.007591227361864718,0.0,-1.6320893885094225e-17
15892.326612740337,0.007626774306231265,0.0,-1.9754537366634584e-17
15907.207068370244,0.007625875539032621,0.0,-2.3109692114069075e-17
15922.087524000151,0.00758721710641309,0.0,-2.637311897169787e-17
15936.967979630057,0.00750966310943426,0.0,-2.953194340275911e-17
15951.848435259964,0.007392265031891363,0.0,-3.257370637172565e-17
15966.72889088987,0.007234270200118471,0.0,-3.54864135738205e-17
15981.609346519777,0.007035129323635057,0.0,-3.825858281691304e-17
15996.489802149685,0.006794503069653485,0.0,-4.0879289368280245e-17
16011.37025777959,0.006512267628917663,0.0,-4.3338209086849e-17
16026.250713409498,0.006188519235003985,0.0,-4.562565917031812e-17
16041.131169039403,0.0058235776040821766,0.0,-4.773263635606005e-17
16056.01162466931,0.005417988267194911,0.0,-4.965085242482357e-17
16070.892080299218,0.004972523772350489,0.0,-5.1372766866969135e-17
16085.772535929123,0.004488183739073212,0.0,-5.2891616582263887e-17
16100.65299155903,0.003966193753553615,0.0,-5.420144249603169e-17
16115.533447188938,0.003408003098096371,0.0,-5.5297112986710954e-17
16130.413902818844,0.0028152813142115762,0.0,-5.617434403254194e-17
16145.294358448751,0.002189913604371173,0.0,-5.682971599812393e-17
16160.174814078657,0.0015339950831315466,0.0,-5.726068699492932e-17
16175.055269708564,0.0008498238940035166,0.0,-5.746560276346347e-17
16189.935725338471,0.00013989321408516137,0.0,-5.744370303855884e-17
16204.816180968377,-0.0005931178259715314,0.0,-5.719512437325302e-17
16219.696636598284,-0.001346354273607235,0.0,-5.672089941074851e-17
16234.577092228192,-0.002116796499220759,0.0,-5.602295260804248e-17
16249.457547858097,-0.0029012723106493638,0.0,-5.5104092428888295e-17
16264.338003488005,-0.003696469988629346,0.0,-5.3968000037749036e-17
16279.21845911791,-0.0044989521897593684,0.0,-5.2619214540280114e-17
16294.098914747818,-0.0053051706588781375,0.0,-5.106311482955695e-17
16308.979370377725,-0.006111481688378523,0.0,-4.930589811072753e-17
16323.85982600763,-0.006914162257881974,0.0,-4.735455518991593e-17
16338.740281637538,-0.007709426783848318,0.0,-4.5216842626028184e-17
16353.620737267445,-0.00849344440519359,0.0,-4.2901251856528724e-17
16368.50119289735,-0.009262356727752358,0.0,-4.04169754202394e-17
16383.381648527258,-0.010012295947592988,0.0,-3.7773870411691476e-17
16398.262104157166,-0.010739403270652204,0.0,-3.498241931252209e-17
16413.14255978707,-0.011439847544017369,0.0,-3.2053688355770275e-17
16428.023015416977,-0.01210984401244242,0.0,-2.899928358867672e-17
16442.903471046884,-0.012745673112260266,0.0,-2.5831304808698622e-17
16457.78392667679,-0.013343699213944682,0.0,-2.2562297555813545e-17
16472.6643823067,-0.013900389223936233,0.0,-1.9205203351883804e-17
16487.544837936606,-0.014412330956246007,0.0,-1.5773308384745236e-17
16502.42529356651,-0.014876251184563143,0.0,-1.2280190840804954e-17
16517.305749196417,-0.01528903328628784,0.0,-8.739667095241798e-18
16532.186204826325,-0.01564773439099846,0.0,-5.16573697339946e-18
16547.066660456232,-0.01594960194733566,0.0,-1.572528300557661e-18
16561.94711608614,-0.01619208962423593,0.0,2.0257590399277903e-18
16576.827571716043,-0.016372872464708917,0.0,5.6149093182598335e-18
16591.70802734595,-0.01648986121311529,0.0,9.180747216733458e-18
16606.588482975858,-0.0165412157399229,0.0,1.2709193912148556e-17
16621.468938605765,-0.01652535749146451,0.0,1.6186322759878562e-17
16636.349394235673,-0.016440980895968228,0.0,1.9598414358973942e-17
16651.229849865576,-0.01628706366134827,0.0,2.293201078021743e-17
16666.110305495484,-0.016062875904734358,0.0,2.6173968742424318e-17
16680.99076112539,-0.015767988058499223,0.0,2.931151152650691e-17
16695.8712167553,-0.015402277502685323,0.0,3.2332279421903884e-17
16710.751672385206,-0.014965933879049858,0.0,3.5224378505843146e-17
16725.632128015113,-0.014459463047610942,0.0,3.7976427562580717e-17
16740.512583645017,-0.01388368965236815,0.0,4.057760295720368e-17
16755.393039274924,-0.013239758268942074,0.0,4.301768128673762e-17
16770.27349490483,-0.01252913311306024,0.0,4.528707964018511e-17
16785.15395053474,-0.011753596295188788,0.0,4.737689330865185e-17
16800.034406164646,-0.010915244613057484,0.0,4.927893079688035e-17
16814.91486179455,-0.010016484880403437,0.0,5.098574599826525e-17
16829.795317424458,-0.009060027796876292,0.0,5.2490667406720046e-17
16844.675773054365,-0.008048880370684089,0.0,5.3787824250558066e-17
16859.556228684272,-0.006986336912235019,0.0,5.4872169445803504e-17
16874.43668431418,-0.0058759686236287065,0.0,5.57394992789947e-17
16889.317139944083,-0.004721611815444303,0.0,5.638646974254632e-17
16904.19759557399,-0.0035273547887209947,0.0,5.681060945904827e-17
16919.0780512039,-0.00229752342641798,0.0,5.70103291444237e-17
16933.958506833806,-0.0010366655448251078,0.0,5.698492757362895e-17
16948.838962463713,0.0002504659385457464,0.0,5.673459402645608e-17
16963.719418093617,0.0015589309582314595,0.0,5.626040720497682e-17
16978.599873723524,0.0028836213072973294,0.0,5.556433062816789e-17
16993.48032935343,0.004219280623711873,0.0,5.4649204523232985e-17
17008.36078498334,0.005560525278259863,0.0,5.3518734247027993e-17
17023.241240613246,0.006901866080867937,0.0,5.2177475284753756e-17
17038.121696243154,0.008237730717801837,0.0,5.063081488664374e-17
17053.002151873057,0.009562486828127256,0.0,4.8884950416690235e-17
17067.882607502965,0.010870465624119287,0.0,4.6946864500474984e-17
17082.763063132872,0.012155985957019041,0.0,4.482429707183836e-17
17097.64351876278,0.01341337872662951,0.0,4.2525714430384296e-17
17112.523974392687,0.01463701153077989,0.0,4.0060275433646304e-17
17127.40443002259,0.01582131344866653,0.0,3.743779495905833e-17
17142.284885652498,0.0169607998504894,0.0,3.466870478165225e-17
17157.165341282405,0.018050097124706014,0.0,3.1764012023619844e-17
17172.045796912313,0.019083967213564063,0.0,2.8735255341425776e-17
17186.92625254222,0.020057331847426318,0.0,2.5594459025100183e-17
17201.806708172124,0.020965296368693414,0.0,2.2354085192533368e-17
17216.68716380203,0.021803173036942982,0.0,1.9026984269102177e-17
17231.56761943194,0.0225665037081739,0.0,1.5626343949674247e-17
17246.448075061846,0.023251081782801906,0.0,1.2165636845979506e-17
17261.328530691753,0.023852973319299284,0.0,8.658567027488475e-18
17276.208986321657,0.024368537213049095,0.0,5.119015668227227e-18
17291.089441951564,0.024794444343189063,0.0,1.5609860154297013e-18
17305.96989758147,0.025127695593789252,0.0,-2.001452101464264e-18
17320.85035321138,0.025365638659812076,0.0,-5.554218001238508e-18
17335.730808841286,0.02550598355272743,0.0,-9.083275899655911e-18
17350.611264471194,0.025546816725597436,0.0,-1.2574690455465732e-17
17365.491720101098,0.02548661374265507,0.0,-1.601468189347904e-17
17380.372175731005,0.025324250424098926,0.0,-1.938968048632e-17
17395.252631360912,0.025059012402786827,0.0,-2.2686380179061796e-17
17410.13308699082,0.02469060303580721,0.0,-2.589179114449737e-17
17425.013542620727,0.02421914962055877,0.0,-2.8993291061087864e-17
17439.89399825063,0.02364520787179516,0.0,-3.197867491082101e-17
17454.77445388054,0.022969764623267108,0.0,-3.4836203100160775e-17
17469.654909510446,0.022194238724881722,0.0,-3.755464771401204e-17
17484.535365140353,0.0213204801138655,0.0,-4.012333672012824e-17
17499.41582077026,0.020350767046049236,0.0,-4.253219594959861e-17
17514.296276400164,0.01928780148122254,0.0,-4.4771788687949936e-17
17529.17673203007,0.018134702624362134,0.0,-4.68333527209799e-17
17544.05718765998,0.016894998632488355,0.0,-4.8708834689582144e-17
17558.937643289886,0.015572616504861803,0.0,-5.039092161859791e-17
17573.818098919794,0.014171870182157112,0.0,-5.1873069495993656e-17
17588.698554549697,0.012697446888179455,0.0,-5.314952879043109e-17
17603.579010179605,0.011154391755460347,0.0,-5.4215366807510045e-17
17618.459465809512,0.009548090783813724,0.0,-5.506648679754451e-17
17633.33992143942,0.007884252188428725,0.0,-5.569964374068765e-17
17648.220377069327,0.006168886201486236,0.0,-5.611245674842765e-17
17663.100832699234,0.004408283398394379,0.0,-5.630341803395014e-17
17677.981288329138,0.0026089916266577584,0.0,-5.627189841749982e-17
17692.861743959045,0.0007777916220051209,0.0,-5.60181493466463e-17
17707.742199588953,-0.0010783285972958134,0.0,-5.554330142520626e-17
17722.62265521886,-0.0029522004610366623,0.0,-5.4849359458432886e-17
17737.503110848767,-0.004836502600084953,0.0,-5.393919403591368e-17
17752.38356647867,-0.006723789514111393,0.0,-5.2816529687348844e-17
17767.26402210858,-0.008606521041545794,0.0,-5.148592965997077e-17
17782.144477738486,-0.010477092514918594,0.0,-4.9952777379756406e-17
17797.024933368393,-0.012327865480883902,0.0,-4.822325467171084e-17
17811.9053889983,-0.014151198860810343,0.0,-4.6304316827334295e-17
17826.785844628204,-0.01593948042492853,0.0,-4.4203664619859814e-17
17841.66630025811,-0.01768515845066282,0.0,-4.192971337990047e-17
17856.54675588802,-0.01938077343390715,0.0,-3.949155925578063e-17
17871.427211517926,-0.021018989720714934,0.0,-3.6898942793912525e-17
17886.307667147834,-0.022592626926116587,0.0,-3.416220998517053e-17
17901.18812277774,-0.02409469100657604,0.0,-3.129227093318568e-17
17916.068578407645,-0.02551840485298339,0.0,-2.8300556309850726e-17
17930.949034037552,-0.026857238271995407,0.0,-2.5198971772012987e-17
17945.82948966746,-0.028104937225054704,0.0,-2.1999850521355253e-17
17960.709945297367,-0.029255552196469064,0.0,-1.8715904196704536e-17
17975.590400927274,-0.03030346556455723,0.0,-1.5360172294570573e-17
17990.47085655718,-0.031243417853045307,0.0,-1.1945970319412286e-17
18005.351312187086,-0.0320705327435999,0.0,-8.4868368700876e-18
18020.231767816993,-0.032780340734643094,0.0,-4.9964798730564786e-18
18035.1122234469,-0.03336880133632757,0.0,-1.4887221761492479e-18
18049.992679076808,-0.03383232369683883,0.0,2.0225532808320496e-18
18064.87313470671,-0.03416778556088518,0.0,5.5234585008789075e-18
18079.75359033662,-0.03437255046747549,0.0,9.000155451403748e-18
18094.634045966526,-0.03444448310066289,0.0,1.2438910854396898e-17
18109.514501596434,-0.034381962714027686,0.0,1.582615052784381e-17
18124.39495722634,-0.03418389455703218,0.0,1.914851306301135e-17
18139.275412856245,-0.03384971923921401,0.0,2.239290262500263e-17
18154.155868486152,-0.03337941997625767,0.0,2.5546540667564378e-17
18169.03632411606,-0.03277352767036755,0.0,2.8597016357569695e-17
18183.916779745967,-0.03203312378605647,0.0,3.153233550985316e-17
18198.797235375874,-0.03115984099129361,0.0,3.434096783909739e-17
18213.67769100578,-0.030155861543073405,0.0,3.701189234227052e-17
18228.558146635685,-0.029023913405633907,0.0,3.95346406326581e-17
18243.438602265593,-0.02776726409893635,0.0,4.18993380547665e-17
18258.3190578955,-0.026389712284384147,0.0,4.4096742418295746e-17
18273.199513525407,-0.024895577104237353,0.0,4.6118280198934585e-17
18288.079969155315,-0.023289685300604247,0.0,4.7956080063887587e-17
18302.96042478522,-0.021577356149301202,0.0,4.960300359075069e-17
18317.840880415126,-0.019764384253201234,0.0,5.1052673059586296e-17
18332.721336045033,-0.017857020248872896,0.0,5.2299496209746054e-17
18347.60179167494,-0.015861949489378177,0.0,5.3338687865117334e-17
18362.482247304848,-0.013786268774911986,0.0,5.4166288343966596e-17
18377.36270293475,-0.011637461211605069,0.0,5.4779178582376135e-17
18392.24315856466,-0.009423369287103918,0.0,5.5175091913378933e-17
18407.123614194566,-0.00715216625960903,0.0,5.535262245720711e-17
18422.004069824474,-0.0048323259646782385,0.0,5.531123009157294e-17
18436.88452545438,-0.0024725911514357143,0.0,5.505124198449978e-17
18451.764981084285,-8.194046669288829e-05,0.0,5.4573850685889685e-17
18466.645436714192,0.002330445788085077,0.0,5.3881108787692215e-17
18481.5258923441,0.0047552209960410735,0.0,5.29759201761622e-17
18496.406347974007,0.007182908524066535,0.0,5.1862027913220563e-17
18511.286803603914,0.009603938840500967,0.0,5.05439987973007e-17
18526.167259233822,0.012008687305713153,0.0,4.9027204667224657e-17
18541.047714863726,0.014387512486061425,0.0,4.731780052555099e-17
18555.928170493633,0.01673079483852461,0.0,4.542269957042302e-17
18570.80862612354,0.01902897561067493,0.0,4.334954523717487e-17
18585.689081753448,0.021272595798689092,0.0,4.110668036276354e-17
18600.569537383355,0.023452335004745355,0.0,3.8703113597450533e-17
18615.44999301326,0.02555905003444655,0.0,3.614848319901969e-17
18630.330448643166,0.027583813074863475,0.0,3.34530183551162e-17
18645.210904273074,0.029517949294397914,0.0,3.062749818903308e-17
18660.09135990298,0.03135307370693226,0.0,2.7683208613347692e-17
18674.97181553289,0.033081127144656844,0.0,2.4631897204275364e-17
18689.852271162792,0.0346944111865301,0.0,2.1485726277338016e-17
18704.7327267927,0.03618562189257096,0.0,1.8257224351974827e-17
18719.613182422607,0.037547882198018974,0.0,1.495923619899938e-17
18734.493638052514,0.03877477282589057,0.0,1.1604871670296078e-17
18749.37409368242,0.039860361581575375,0.0,8.207453514854016e-18
18764.254549312325,0.0407992308987615,0.0,4.780464389123516e-18
18779.135004942233,0.04158650351228971,0.0,1.3374932727314821e-18
18794.01546057214,0.042217866140301076,0.0,-2.1078184971840854e-18
18808.895916202047,0.04268959106542959,0.0,-5.541831358413105e-18
18823.776371831955,0.04299855551257934,0.0,-8.950961607752704e-18
18838.656827461862,0.04314225872918148,0.0,-1.2321735221945154e-17
18853.537283091766,0.04311883668252979,0.0,-1.5640841201896756e-17
18868.417738721673,0.042927074297974745,0.0,-1.8895184228652975e-17
18883.29819435158,0.04256641517126335,0.0,-2.207193642246693e-17
18898.178649981488,0.042036968698162064,0.0,-2.5158588000068545e-17
18913.059105611395,0.041339514574668196,0.0,-2.8142996629714643e-17
18927.9395612413,0.04047550463148137,0.0,-3.1013435288964324e-17
18942.820016871206,0.039447061977068446,0.0,-3.375863843620222e-17
18957.700472501114,0.038256977434393866,0.0,-3.636784631377743e-17
18972.58092813102,0.036908703267346736,0.0,-3.883084720819872e-17
18987.46138376093,0.035406344203847785,0.0,-4.11380175010702e-17
19002.341839390832,0.03375464577370384,0.0,-4.328035935335961e-17
19017.22229502074,0.03195897999026215,0.0,-4.524953587513248e-17
19032.102750650647,0.030025328415925968,0.0,-4.703790364297214e-17
19046.983206280554,0.02796026266247347,0.0,-4.863854243798384e-17
19061.86366191046,0.025770922387836015,0.0,-5.004528208840862e-17
19076.744117540366,0.02346499086159018,0.0,-5.12527263124807e-17
19091.624573170273,0.021050668181689595,0.0,-5.225627346917809e-17
19106.50502880018,0.018536642235070608,0.0,-5.3052134136867333e-17
19121.385484430088,0.01593205750443384,0.0,-5.363734545253995e-17
19136.265940059995,0.013246481832939097,0.0,-5.4009782157252667e-17
19151.146395689902,0.010489871267478128,0.0,-5.416816430653973e-17
19166.026851319806,0.007672533109754576,0.0,-5.411206161785361e-17
19180.907306949714,0.0048050873124535695,0.0,-5.384189444048684e-17
19195.78776257962,0.0018984263653357078,0.0,-5.3358931346879257e-17
19210.66821820953,-0.0010363261769051751,0.0,-5.266528335764201e-17
19225.548673839436,-0.003987858366749704,0.0,-5.176389482602015e-17
19240.42912946934,-0.006944713571819902,0.0,-5.06585310207733e-17
19255.309585099247,-0.009895335049428924,0.0,-4.9353762459559555e-17
19270.190040729154,-0.01282811121386758,0.0,-4.7854946057791736e-17
19285.07049635906,-0.01573142141876662,0.0,-4.6168203170545165e-17
19299.95095198897,-0.01859368207367809,0.0,-4.430039461739758e-17
19314.831407618873,-0.02140339291160144,0.0,-4.225909279200919e-17
19329.71186324878,-0.024149183222464392,0.0,-4.005255096975804e-17
19344.592318878687,-0.026819857866574412,0.0,-3.768966993782027e-17
19359.472774508595,-0.029404442881875166,0.0,-3.517996208260178e-17
19374.353230138502,-0.03189223049933083,0.0,-3.253351307946498e-17
19389.23368576841,-0.0342728233820669,0.0,-2.976094133909331e-17
19404.114141398313,-0.036536177905934955,0.0,-2.6873355373642812e-17
19418.99459702822,-0.03867264630195054,0.0,-2.3882309253961995e-17
19433.875052658128,-0.04067301748458941,0.0,-2.0799756336630906e-17
19448.755508288035,-0.04252855639419417,0.0,-1.7638001446278292e-17
19463.635963917943,-0.04423104168671738,0.0,-1.440965170465093e-17
19478.516419547846,-0.045772801609725904,0.0,-1.1127566203120989e-17
19493.396875177754,-0.04714674790994694,0.0,-7.804804719743801e-18
19508.27733080766,-0.04834640762466892,0.0,-4.454575685643756e-18
19523.15778643757,-0.04936595261698474,0.0,-1.0901836082636714e-18
19538.038242067476,-0.050200226723132436,0.0,2.2750238389473976e-18
19552.91869769738,-0.05084477038902731,0.0,5.627708849722179e-18
19567.799153327287,-0.051295842682508,0.0,8.954596430031715e-18
19582.679608957194,-0.0515504405776827,0.0,1.2242527044532167e-17
19597.5600645871,-0.051606315418187255,0.0,1.5478508755310234e-17
19612.44052021701,-0.051461986476934826,0.0,1.864976864602159e-17
19627.320975846913,-0.05111675154116597,0.0,2.174380332755005e-17
19642.20143147682,-0.05057069446316309,0.0,2.4748428325152166e-17
19657.081887106728,-0.0498246896288066,0.0,2.7651826151662758e-17
19671.962342736635,-0.048880403308324896,0.0,3.0442592876769795e-17
19686.842798366542,-0.0477402918658377,0.0,3.3109783008492405e-17
19701.72325399645,-0.046407596816836094,0.0,3.564295250988972e-17
19716.603709626354,-0.04488633673527492,0.0,3.8032199781613544e-17
19731.48416525626,-0.043181296024652996,0.0,4.026820444915861e-17
19746.36462088617,-0.04129801058007662,0.0,4.2342263802548626e-17
19761.245076516076,-0.039242750380934666,0.0,4.424632674569104e-17
19776.125532145983,-0.03702249906635017,0.0,4.597302512265752e-17
19791.005987775887,-0.034644930557917175,0.0,4.7515702298729335e-17
19805.886443405794,-0.03211838280646205,0.0,4.8868438885075615e-17
19820.7668990357,-0.029451828751465306,0.0,5.002607550740975e-17
19835.64735466561,-0.0266548445934634,0.0,5.0984232530835187e-17
19850.527810295516,-0.023737575491016016,0.0,5.173932666528666e-17
19865.40826592542,-0.020710698804778174,0.0,5.2288584388462735e-17
19880.288721555327,-0.017585385021644362,0.0,5.263005213588526e-17
19895.169177185235,-0.014373256501986655,0.0,5.276260322062908e-17
19910.049632815142,-0.011086344202418413,0.0,5.2685941458337404e-17
19924.93008844505,-0.007737042535473422,0.0,5.240060148627124e-17
19939.810544074953,-0.0043380625358802605,0.0,5.190794577832207e-17
19954.69099970486,-0.0009023835107582617,0.0,5.1210158371074874e-17
19969.571455334768,0.002556796641892914,0.0,5.031023532909394e-17
19984.451910964675,0.006026112255817305,0.0,4.921197199056067e-17
19999.332366594583,0.009492081664024259,0.0,4.791994704718186e-17
20014.21282222449,0.012941159710242657,0.0,4.6439503524845415e-17
20029.093277854394,0.016359790799296503,0.0,4.4776726743779183e-17
20043.9737334843,0.01973446227820256,0.0,4.293841934892685e-17
20058.85418911421,0.023051757937367814,0.0,4.093207351284428e-17
20073.734644744116,0.026298411419733728,0.0,3.876584042457263e-17
20088.615100374023,0.02946135932496991,0.0,3.6448497188661757e-17
20103.495556003927,0.03252779379596532,0.0,3.3989411268703454e-17
20118.376011633834,0.03548521437583689,0.0,3.139850261939666e-17
20133.25646726374,0.03832147892552233,0.0,2.8686203660229746e-17
20148.13692289365,0.041024853394706816,0.0,2.5863417252313007e-17
20163.017378523557,0.043584060242359425,0.0,2.2941472847703293e-17
20177.89783415346,0.04598832530751724,0.0,1.993208098766883e-17
20192.778289783368,0.048227422936147665,0.0,1.684728633274932e-17
20207.658745413275,0.05029171917588099,0.0,1.3699419413147419e-17
20222.539201043182,0.05217221285719592,0.0,1.050104729287886e-17
20237.41965667309,0.053860574387149564,0.0,7.264923345270408e-18
20252.300112302994,0.055349182089999754,0.0,4.0039363407184945e-18
20267.1805679329,0.05663115593803071,0.0,7.310590501801377e-19
20282.06102356281,0.057700388525514484,0.0,-2.5407034304193664e-18
20296.941479192716,0.05855157314901502,0.0,-5.798365428767368e-18
20311.821934822623,0.05918022886806983,0.0,-9.029012311550972e-18
20326.70239045253,0.05958272243173297,0.0,-1.2219851761208651e-17
20341.582846082434,0.0597562869683502,0.0,-1.5358264510165544e-17
20356.46330171234,0.059699037348347035,0.0,-1.8431854331041407e-17
20371.34375734225,0.05940998214262049,0.0,-2.1428497084475573e-17
20386.224212972156,0.05888903211227356,0.0,-2.433638863020319e-17
20401.104668602064,0.058137005178972904,0.0,-2.714409141171556e-17
20415.985124231967,0.057155627838908124,0.0,-2.984057953033647e-17
20430.865579861875,0.05594753299737286,0.0,-3.2415282130761146e-17
20445.746035491782,0.05451625421504748,0.0,-3.485812492700462e-17
20460.62649112169,0.052866216371347426,0.0,-3.715956970531584e-17
20475.506946751597,0.051002722764425364,0.0,-3.9310651648837656e-17
20490.3874023815,0.04893193868172305,0.0,-4.130301433764032e-17
20505.267858011408,0.04666087148910907,0.0,-4.31289422871878e-17
20520.148313641315,0.044197347300741686,0.0,-4.478139089824001e-17
20535.028769271223,0.04154998430565582,0.0,-4.6254013701665024e-17
20549.90922490113,0.03872816284070087,0.0,-4.754118679253722e-17
20564.789680531037,0.03574199231283487,0.0,-4.8638030359216383e-17
20579.67013616094,0.032602275086723295,0.0,-4.954042722479606e-17
20594.55059179085,0.02932046746622952,0.0,-5.024503833030501e-17
20609.431047420756,0.02590863791047692,0.0,-5.074931510132318e-17
20624.311503050663,0.022379422636814937,0.0,-5.105150865216452e-17
20639.19195868057,0.018745978774074246,0.0,-5.115067579444412e-17
20654.072414310474,0.015021935239979398,0.0,-5.1046681829628355e-17
20668.95286994038,0.011221341526406962,0.0,-5.074020011801596e-17
20683.83332557029,0.007358614585309238,0.0,-5.0232708429472333e-17
20698.713781200197,0.003448484016536718,0.0,-4.952648209406295e-17
20713.594236830104,-0.0004940642335738363,0.0,-4.86245839834873e-17
20728.474692460008,-0.004453845447104789,0.0,-4.7530851366822263e-17
20743.355148089915,-0.008415534761246173,0.0,-4.62498796965044e-17
20758.235603719822,-0.012363726619831913,0.0,-4.478700339267523e-17
20773.11605934973,-0.01628299481857562,0.0,-4.31482737059087e-17
20787.996514979637,-0.020157952909416986,0.0,-4.134043374991472e-17
20802.87697060954,-0.023973314726968176,0.0,-3.937089080700528e-17
20817.75742623945,-0.027713954798504734,0.0,-3.7247686019874925e-17
20832.637881869356,-0.031364968398344704,0.0,-3.497946159356295e-17
20847.518337499263,-0.03491173100785323,0.0,-3.2575425641249994e-17
20862.39879312917,-0.03833995694358819,0.0,-3.0045314816806704e-17
20877.279248759078,-0.041635756918371375,0.0,-2.7399354885691045e-17
20892.15970438898,-0.04478569430329036,0.0,-2.4648219393833716e-17
20907.04016001889,-0.04777683986275594,0.0,-2.1802986601579454e-17
20921.920615648796,-0.050596824739806104,0.0,-1.8875094856491974e-17
20936.801071278704,-0.0532338914748323,0.0,-1.5876296584848463e-17
20951.68152690861,-0.05567694284773649,0.0,-1.2818611086982338e-17
20966.561982538515,-0.05791558834126465,0.0,-9.714276326188197e-18
20981.442438168422,-0.05994018803180138,0.0,-6.575699904702772e-18
20996.32289379833,-0.06174189372327685,0.0,-3.4154094233206942e-18
21011.203349428237,-0.0633126871499654,0.0,-2.4600242340734654e-19
21026.083805058144,-0.0646454150848089,0.0,2.9199038884449366e-18
21040.964260688048,-0.06573382120146322,0.0,6.0697229322736925e-18
21055.844716317955,-0.06657257455047147,0.0,9.190948862408266e-18
21070.725171947863,-0.06715729452275616,0.0,1.2271206291201406e-17
21085.60562757777,-0.06748457218702444,0.0,1.5298299430870157e-17
21100.486083207677,-0.0675519879015086,0.0,1.8260260458021642e-17
21115.36653883758,-0.06735812511481006,0.0,2.1145396908779035e-17
21130.24699446749,-0.06690258028533053,0.0,2.3942337916516144e-17
21145.127450097396,-0.06618596886380493,0.0,2.6640079109043445e-17
21160.007905727303,-0.06520992729882841,0.0,2.922802598767157e-17
21174.88836135721,-0.06397711104076935,0.0,3.169603561682959e-17
21189.768816987118,-0.06249118853524499,0.0,3.403445645988081e-17
21204.64927261702,-0.060756831213079364,0.0,3.623416620436951e-17
21219.52972824693,-0.05877969949957298,0.0,3.828660742814907e-17
21234.410183876837,-0.056566424881694825,0.0,4.018382096664043e-17
21249.290639506744,-0.05412458808755266,0.0,4.1918476850830456e-17
21264.17109513665,-0.051462693448091124,0.0,4.348390269546231e-17
21279.051550766555,-0.048590139526291945,0.0,4.4874109427218415e-17
21293.932006396462,-0.04551718611428025,0.0,4.608381425344365e-17
21308.81246202637,-0.0422549177134488,0.0,4.7108460783108245e-17
21323.692917656277,-0.0388152036270892,0.0,4.7944236223193617e-17
21338.573373286185,-0.035210654808880165,0.0,4.858808558546495e-17
21353.45382891609,-0.03145457762400106,0.0,4.903772285061518e-17
21368.334284545996,-0.027560924692391922,0.0,4.929163904899903e-17
21383.214740175903,-0.02354424299593729,0.0,4.9349107229535295e-17
21398.09519580581,-0.019419619442789852,0.0,4.921018430084237e-17
21412.975651435718,-0.01520262409290215,0.0,4.8875709741182614e-17
21427.85610706562,-0.010909251258842012,0.0,4.834730118631508e-17
21442.73656269553,-0.006555858705162558,0.0,4.762734691682949e-17
21457.617018325436,-0.002159105178024076,0.0,4.6718995278897126e-17
21472.497473955344,0.0022641134958270026,0.0,4.562614108459621e-17
21487.37792958525,0.006696729494966816,0.0,4.4353409049990063e-17
21502.25838521516,0.011121569022788096,0.0,4.290613434090405e-17
21517.138840845062,0.015521419004572191,0.0,4.129034030783048e-17
21532.01929647497,0.019879094202525115,0.0,3.95127135025273e-17
21546.899752104877,0.024177504486482114,0.0,3.7580576079637667e-17
21561.780207734784,0.02839972199641143,0.0,3.5501855696975234e-17
21576.66066336469,0.03252904793224808,0.0,3.328505303799673e-17
21591.541118994595,0.036549078707060284,0.0,3.0939207089329685e-17
21606.421574624503,0.040443771201079615,0.0,2.8473858315039056e-17
21621.30203025441,0.04419750685665655,0.0,2.589900987755656e-17
21636.182485884317,0.04779515435782114,0.0,2.3225087062817918e-17
21651.062941514225,0.051222130642737396,0.0,2.0462895074136313e-17
21665.94339714413,0.05446446000296406,0.0,1.762357536566979e-17
21680.823852774036,0.057508831030073405,0.0,1.471856069195522e-17
21695.704308403943,0.060342651177751526,0.0,1.1759529054911923e-17
21710.58476403385,0.0629540987160672,0.0,8.758356733877791e-18
21725.465219663758,0.06533217186402449,0.0,5.727070587697658e-18
21740.34567529366,0.0674667348968484,0.0,2.6777998205421757e-18
21755.22613092357,0.06934856103563376,0.0,-3.772725949585913e-19
21770.106586553477,0.07096937193893592,0.0,-3.4259586425522835e-18
21784.987042183384,0.07232187362862569,0.0,-6.4561139401201925e-18
21799.86749781329,0.07339978869575145,0.0,-9.455686175740231e-18
21814.7479534432,0.0741978846462468,0.0,-1.2412763108648785e-17
21829.628409073102,0.07471199826100255,0.0,-1.5315619943695985e-17
21844.50886470301,0.0749390558600713,0.0,-1.8152765890639925e-17
21859.389320332917,0.07487708937650212,0.0,-2.0912989723117142e-17
21874.269775962824,0.0745252481614393,0.0,-2.35854041563986e-17
21889.150231592732,0.07388380645867201,0.0,-2.615948886797084e-17
21904.030687222636,0.07295416650360641,0.0,-2.862513199066652e-17
21918.911142852543,0.07173885721873467,0.0,-3.097266991439552e-17
21933.79159848245,0.07024152849485381,0.0,-3.3192925239505696e-17
21948.672054112358,0.06846694106467464,0.0,-3.527724273242836e-17
21963.552509742265,0.06642095199276646,0.0,-3.721752314243718e-17
21978.43296537217,0.06411049582316906,0.0,-3.900625474710551e-17
21993.313421002076,0.061543561443179746,0.0,-4.0636542503324124e-17
22008.193876631984,0.058729164738916435,0.0,-4.2102134690476835e-17
22023.07433226189,0.05567731713505512,0.0,-4.3397446942579425e-17
22037.9547878918,0.05239899012763609,0.0,-4.451758357677324e-17
22052.835243521706,0.048906075935004005,0.0,-4.545835613651361e-17
22067.71569915161,0.04521134440759426,0.0,-4.621629907906806e-17
22082.596154781517,0.041328396352519225,0.0,-4.678868254845967e-17
22097.476610411424,0.037271613443504215,0.0,-4.717352218675548e-17
22112.35706604133,0.03305610490075145,0.0,-4.736958594851931e-17
22127.23752167124,0.02869765113862253,0.0,-4.7376397895308104e-17
22142.117977301143,0.024212644591633234,0.0,-4.7194238959217705e-17
22156.99843293105,0.019618027941056312,0.0,-4.682414467664198e-17
22171.878888560957,0.01493122997539096,0.0,-4.626789990555572e-17
22186.759344190865,0.010170099328047237,0.0,-4.552803055169005e-17
22201.639799820772,0.00535283634474476,0.0,-4.460779234093398e-17
22216.520255450676,0.0004979233413439019,0.0,-4.35111566870725e-17
22231.400711080583,-0.004375946480023332,0.0,-4.224279371555283e-17
22246.28116671049,-0.009249941182418411,0.0,-4.0808052515290956e-17
22261.161622340398,-0.014105163034044181,0.0,-3.921293870153106e-17
22276.042077970305,-0.018922721953447928,0.0,-3.746408938344989e-17
22290.92253360021,-0.023683809173895568,0.0,-3.556874564046906e-17
22305.802989230117,-0.028369770839007474,0.0,-3.3534722621081163e-17
22320.683444860024,-0.03296218124105369,0.0,-3.1370377387380995e-17
22335.56390048993,-0.03744291541381428,0.0,-2.90845746373513e-17
22350.44435611984,-0.041794220793449285,0.0,-2.6686650445291244e-17
22365.324811749746,-0.045998787663591736,0.0,-2.4186374168526327e-17
22380.20526737965,-0.05003981810470491,0.0,-2.159390867568795e-17
22395.085723009557,-0.05390109317273925,0.0,-1.891976905836333e-17
22409.966178639464,-0.057567038038142886,0.0,-1.6174779993797777e-17
22424.846634269372,-0.061022784823490654,0.0,-1.3370031931470911e-17
22439.72708989928,-0.06425423288612575,0.0,-1.0516836280886609e-17
22454.607545529183,-0.06724810630146748,0.0,-7.626679781654278e-18
22469.48800115909,-0.06999200831283477,0.0,-4.711178239970333e-18
22484.368456788998,-0.07247447252479235,0.0,-1.782029817908924e-18
22499.248912418905,-0.07468501062911469,0.0,1.1490319365595891e-18
22514.129368048812,-0.07661415646539248,0.0,4.070285130099913e-18
22529.009823678716,-0.07825350623206506,0.0,6.97006644636707e-18
22543.890279308624,-0.0795957546782104,0.0,9.8368177621973e-18
22558.77073493853,-0.08063472712161965,0.0,1.2659132271119052e-17
22573.65119056844,-0.08136540715463991,0.0,1.5425799929943442e-17
22588.531646198346,-0.08178395991569354,0.0,1.8125852047132758e-17
22603.41210182825,-0.08188775082143716,0.0,2.0748604835366593e-17
22618.292557458157,-0.08167535967200232,0.0,2.328370175512761e-17
22633.173013088064,-0.08114659005961726,0.0,2.572115448122084e-17
22648.05346871797,-0.08030247402915251,0.0,2.8051382329917766e-17
22662.93392434788,-0.07914527195755741,0.0,3.026524999081558e-17
22677.814379977786,-0.07767846763784848,0.0,3.235410341453064e-17
22692.69483560769,-0.07590675857202876,0.0,3.430980371496746e-17
22707.575291237597,-0.07383604149616416,0.0,3.6124758953070856e-17
22722.455746867505,-0.0714733931795703,0.0,3.7791953677661436e-17
22737.336202497412,-0.06882704655874435,0.0,3.930497610815638e-17
22752.21665812732,-0.06590636228515476,0.0,4.0658042853587055e-17
22767.097113757223,-0.06272179578419176,0.0,4.184602107239247e-17
22781.97756938713,-0.059284859940512746,0.0,4.2864447987868336e-17
22796.858025017038,-0.055608083542470564,0.0,4.3709547684903074e-17
22811.738480646945,-0.05170496563536046,0.0,4.437824512465545e-17
22826.618936276853,-0.04758992594967587,0.0,4.4868177325099237e-17
22841.499391906757,-0.043278251586480035,0.0,4.5177701666813206e-17
22856.379847536664,-0.03878604015715128,0.0,4.530590129501358e-17
22871.26030316657,-0.03413013958931524,0.0,4.5252587600523046e-17
22886.14075879648,-0.02932808482437604,0.0,4.501829977414207e-17
22901.021214426386,-0.02439803164497127,0.0,4.460430144064982e-17
22915.90167005629,-0.01935868788259389,0.0,4.40125743903884e-17
22930.782125686197,-0.014229242266592189,0.0,4.32458094380274e-17
22945.662581316104,-0.009029291185825197,0.0,4.230739444960064e-17
22960.543036946012,-0.0037787636431267507,0.0,4.1201399590235296e-17
22975.42349257592,0.001502155309291979,0.0,3.993255985608117e-17
22990.303948205827,0.006793102358659611,0.0,3.850625496478035e-17
23005.18440383573,0.012073614644150535,0.0,3.6928486689314596e-17
23020.064859465638,0.017323209088102393,0.0,3.520585373023738e-17
23034.945315095545,0.022521462037648165,0.0,3.334552423104003e-17
23049.825770725452,0.02764808890639588,0.0,3.135520605072817e-17
23064.70622635536,0.03268302350489487,0.0,2.924311491654076e-17
23079.586681985264,0.037606496748960064,0.0,2.7017940588077122e-17
23094.46713761517,0.042399114436512536,0.0,2.46888111719054e-17
23109.34759324508,0.04704193378632493,0.0,2.226525573296207e-17
23124.228048874986,0.051516538436110336,0.0,1.9757165355673632e-17
23139.108504504893,0.0558051116025209,0.0,1.717475281375321e-17
23153.988960134797,0.05989050711203413,0.0,1.452851101297485e-17
23168.869415764704,0.06375631801920298,0.0,1.182917037592924e-17
23183.74987139461,0.06738694253742157,0.0,9.087655341760794e-18
23198.63032702452,0.07076764701712306,0.0,6.315040157189035e-18
23213.510782654426,0.07388462571713893,0.0,3.522504137712897e-18
23228.391238284334,0.07672505712681686,0.0,7.212865797523343e-19
23243.271693914237,0.07927715660932969,0.0,-2.0773584943793727e-18
23258.152149544145,0.08153022515037857,0.0,-4.862207576386342e-18
23273.032605174052,0.0834746940111486,0.0,-7.622112714816304e-18
23287.91306080396,0.08510216509986442,0.0,-1.0346046179926718e-17
23302.793516433867,0.08640544689254864,0.0,-1.3023144571486449e-17
23317.67397206377,0.08737858575052748,0.0,-1.5642752192926963e-17
23332.554427693678,0.08801689249986457,0.0,-1.8194463518492473e-17
23347.434883323585,0.0883169641560575,0.0,-2.0668164583921216e-17
23362.315338953493,0.08827670069602087,0.0,-2.3054073135816753e-17
23377.1957945834,0.08789531679851245,0.0,-2.5342777380084553e-17
23392.076250213304,0.08717334849360997,0.0,-2.7525273175713558e-17
23406.95670584321,0.08611265468163809,0.0,-2.9592999526666336e-17
23421.83716147312,0.08471641350188057,0.0,-3.1537872231719713e-17
23436.717617103026,0.08298911355154148,0.0,-3.335231555973699e-17
23451.598072732933,0.08093653997553615,0.0,-3.502929182599991e-17
23466.478528362837,0.07856575546783226,0.0,-3.656232875387878e-17
23481.358983992744,0.07588507624506598,0.0,-3.794554451521176e-17
23496.239439622652,0.07290404307297588,0.0,-3.917367035228606e-17
23511.11989525256,0.06963338744577031,0.0,-4.024207069420034e-17
23526.000350882467,0.06608499303773716,0.0,-4.1146760690621405e-17
23540.880806512374,0.062271852565240635,0.0,-4.1884421096465877e-17
23555.761262142278,0.05820802021550763,0.0,-4.2452410451825755e-17
23570.641717772185,0.05390855981638981,0.0,-4.2848774512430264e-17
23585.522173402092,0.049389488938355174,0.0,-4.307225289709731e-17
23600.402629032,0.04466771913637686,0.0,-4.312228292988835e-17
23615.283084661907,0.039760992554992935,0.0,-4.2999000666027913e-17
23630.16354029181,0.03468781513461407,0.0,-4.270323910201868e-17
23645.04399592172,0.029467386671034886,0.0,-4.223652358172571e-17
23659.924451551626,0.02411952799304785,0.0,-4.160106442150525e-17
23674.804907181533,0.018664605534989512,0.0,-4.0799746788613705e-17
23689.68536281144,0.013123453591919805,0.0,-3.983611787816983e-17
23704.565818441344,0.007517294554939227,0.0,-3.871437144475379e-17
23719.44627407125,0.0018676574327358003,0.0,-3.7439329755317905e-17
23734.32672970116,-0.00380370502701443,0.0,-3.6016423040374374e-17
23749.207185331066,-0.009474900296605582,0.0,-3.4451666530397404e-17
23764.087640960974,-0.01512398078275301,0.0,-3.27516351739808e-17
23778.968096590877,-0.020729028967932866,0.0,-3.092343614349961e-17
23793.848552220785,-0.026268242647575345,0.0,-2.8974679242771044e-17
23808.729007850692,-0.03172001993081061,0.0,-2.691344533951311e-17
23823.6094634806,-0.03706304367267438,0.0,-2.4748252953160708e-17
23838.489919110507,-0.04227636500701153,0.0,-2.2488023135846903e-17
23853.370374740414,-0.04733948565208734,0.0,-2.0142042791027438e-17
23868.250830370318,-0.05223243866488132,0.0,-1.771992658030116e-17
23883.131286000225,-0.056935867325353114,0.0,-1.523157757444235e-17
23898.011741630133,-0.06143110183846669,0.0,-1.2687146809490801e-17
23912.89219726004,-0.06570023354959918,0.0,-1.0096991912893072e-17
23927.772652889947,-0.06972618637788214,0.0,-7.471634968211022e-18
23942.65310851985,-0.0734927851822447,0.0,-4.82171978969084e-18
23957.53356414976,-0.07698482078620601,0.0,-2.1579687801192685e-18
23972.414019779666,-0.08018811139986552,0.0,5.088604531999552e-19
23987.294475409573,-0.08308956019102441,0.0,3.1680185488321277e-18
24002.17493103948,-0.0856772087718022,0.0,5.808807732432579e-18
24017.055386669384,-0.08794028638253391,0.0,8.420624874007489e-18
24031.935842299292,-0.08986925457103448,0.0,1.0993004087841372e-17
24046.8162979292,-0.09145584718242139,0.0,1.3515658703831802e-17
24061.696753559107,-0.09269310549260834,0.0,1.5978522441803642e-17
24076.577209189014,-0.09357540833711918,0.0,1.8371789623836024e-17
24091.457664818918,-0.09409849710611612,0.0,2.0685954263811317e-17
24106.338120448825,-0.09425949549626693,0.0,2.291184787816992e-17
24121.218576078732,-0.09405692393029638,0.0,2.5040675867275153e-17
24136.09903170864,-0.09349070857571178,0.0,2.7064052322817736e-17
24150.979487338547,-0.09256218491509266,0.0,2.897403312327138e-17
24165.859942968455,-0.09127409584153832,0.0,3.076314718655363e-17
24180.74039859836,-0.08963058427414838,0.0,3.242442575670932e-17
24195.620854228266,-0.08763718030983228,0.0,3.395142960957233e-17
24210.501309858173,-0.08530078294908705,0.0,3.5338274070959376e-17
24225.38176548808,-0.08262963645466084,0.0,3.6579651749973363e-17
24240.262221117988,-0.07963330142311928,0.0,3.767085289937189e-17
24255.14267674789,-0.07632262067012277,0.0,3.8607783324713036e-17
24270.0231323778,-0.07270968005072882,0.0,3.938697977401212e-17
24284.903588007706,-0.06880776435604583,0.0,4.0005622749953846e-17
24299.784043637614,-0.06463130844712085,0.0,4.046154669721639e-17
24314.66449926752,-0.06019584380586534,0.0,4.075324752816304e-17
24329.544954897425,-0.05551794070114547,0.0,4.087988746097512e-17
24344.425410527332,-0.05061514618565757,0.0,4.084129715522633e-17
24359.30586615724,-0.04550591815602886,0.0,4.063797514084379e-17
24374.186321787147,-0.04020955572436764,0.0,4.027108454737051e-17
24389.066777417054,-0.03474612616449689,0.0,3.974244715135393e-17
24403.947233046958,-0.02913638871000977,0.0,3.9054534770501785e-17
24418.827688676865,-0.02340171549415077,0.0,3.821045804395305e-17
24433.708144306773,-0.017564009933369564,0.0,3.721395264851419e-17
24448.58859993668,-0.01164562286692307,0.0,3.606936301101844e-17
24463.469055566587,-0.005669266774421325,0.0,3.4781623586996474e-17
24478.349511196495,0.00034207159867839787,0.0,3.33562377855951e-17
24493.2299668264,0.0063652198706537,0.0,3.1799254630070395e-17
24508.110422456306,0.012376909565641563,0.0,3.0117243252213904e-17
24522.990878086213,0.018353866221437937,0.0,2.831726532767883e-17
24537.87133371612,0.024272899713203754,0.0,2.6406845567338414e-17
24552.751789346028,0.030110994441732045,0.0,2.4393940387492717e-17
24567.632244975932,0.03584539903469299,0.0,2.2286904888920505e-17
24582.51270060584,0.04145371521049357,0.0,2.0094458281408495e-17
24597.393156235747,0.04691398545686165,0.0,1.782564789646991e-17
24612.273611865654,0.05220477918024798,0.0,1.548981193644241e-17
24627.15406749556,0.057305276987320054,0.0,1.3096541113042829e-17
24642.034523125465,0.062195352766463465,0.0,1.0655639332703104e-17
24656.914978755372,0.06685565324508984,0.0,8.177083589614011e-18
24671.79543438528,0.07126767470772166,0.0,5.670983230358825e-18
24686.675890015187,0.07541383657028675,0.0,3.1475387562938516e-18
24701.556345645095,0.07927755151767749,0.0,6.170003314293852e-19
24716.436801275002,0.08284329192444811,0.0,-1.910373835503207e-18
24731.317256904906,0.08609665229245571,0.0,-4.424359065889135e-18
24746.197712534813,0.0890244074542564,0.0,-6.91480557451372e-18
24761.07816816472,0.09161456630706255,0.0,-9.371679453956156e-18
24775.958623794628,0.09385642085905266,0.0,-1.178510311458838e-17
24790.839079424535,0.09574059038765091,0.0,-1.414539501713256e-17
24805.71953505444,0.09725906052806785,0.0,-1.6443108537879638e-17
24820.599990684346,0.09840521712980889,0.0,-1.8669069810453794e-17
24835.480446314254,0.09917387473892549,0.0,-2.081441439239534e-17
24850.36090194416,0.09956129958448262,0.0,-2.2870622609887795e-17
24865.24135757407,0.09956522696889326,0.0,-2.4829553439520622e-17
24880.121813203972,0.09918487298339387,0.0,-2.6683476792172806e-17
24895.00226883388,0.09842094049192734,0.0,-2.8425104070797776e-17
24909.882724463787,0.09727561934891281,0.0,-3.0047616881105704e-17
24924.763180093694,0.09575258083882383,0.0,-3.1544693781841726e-17
24939.6436357236,0.09385696634797708,0.0,-3.291053496949489e-17
24954.524091353505,0.09159537030145726,0.0,-3.413988480083483e-17
24969.404546983413,0.0889758174205251,0.0,-3.522805206560802e-17
24984.28500261332,0.08600773437809084,0.0,-3.617092793100551e-17
24999.165458243227,0.08270191595184029,0.0,-3.696500148909562e-17
25014.045913873135,0.07907048579621666,0.0,-3.7607372848265685e-17
25028.926369503042,0.07512685197570082,0.0,-3.8095763719779913e-17
25043.806825132946,0.07088565742248051,0.0,-3.8428525460826265e-17
25058.687280762853,0.0663627255017318,0.0,-3.8604644545807913e-17
25073.56773639276,0.06157500088712018,0.0,-3.862374544813961e-17
25088.448192022668,0.05654048596780251,0.0,-3.84860909253485e-17
25103.328647652575,0.05127817302602876,0.0,-3.819257971084945e-17
25118.20910328248,0.045807972441379796,0.0,-3.774474162629179e-17
25133.089558912387,0.04015063719363242,0.0,-3.7144730138829575e-17
25147.970014542294,0.03432768395117419,0.0,-3.639531239802727e-17
25162.8504701722,0.02836131104571249,0.0,-3.549985679727308e-17
25177.73092580211,0.02227431364671269,0.0,-3.446231811458727e-17
25192.611381432012,0.016089996460504297,0.0,-3.3287220297440956e-17
25207.49183706192,0.009832084289179203,0.0,-3.1979636965686126e-17
25222.372292691827,0.0035246307934323866,0.0,-3.054516971584553e-17
25237.252748321735,-0.0028080741889801412,0.0,-2.8989924318815575e-17
25252.133203951642,-0.009141598411152377,0.0,-2.7320484911451866e-17
25267.013659581546,-0.015451461708450128,0.0,-2.5543886290495575e-17
25281.894115211453,-0.0217132308471482,0.0,-2.366758442483945e-17
25296.77457084136,-0.027902614361860437,0.0,-2.169942530919752e-17
25311.655026471268,-0.03399555701285089,0.0,-1.9647612288764042e-17
25326.535482101175,-0.03996833349502538,0.0,-1.75206719904765e-17
25341.415937731083,-0.04579764103275602,0.0,-1.532741900193289e-17
25356.296393360986,-0.05146069049833713,0.0,-1.3076919443874297e-17
25371.176848990894,-0.05693529569703595,0.0,-1.0778453586409687e-17
25386.0573046208,-0.06219996046816367,0.0,-8.441477662806223e-18
25400.93776025071,-0.06723396325956552,0.0,-6.075585037669781e-18
25415.818215880616,-0.07201743884211553,0.0,-3.690466888722467e-18
25430.69867151052,-0.07653145684139932,0.0,-1.2958725630930179e-18
25445.579127140427,-0.08075809677562457,0.0,1.0984302299068281e-18
25460.459582770334,-0.0846805193018259,0.0,3.482695227129003e-18
25475.34003840024,-0.08828303338677244,0.0,5.847237258966638e-18
25490.22049403015,-0.09155115913430265,0.0,8.182471574557246e-18
25505.100949660053,-0.09447168601732403,0.0,1.0478952685205044e-17
25519.98140528996,-0.09703272628017648,0.0,1.2727412568638673e-17
25534.861860919867,-0.09922376329546786,0.0,1.491879807957346e-17
25549.742316549775,-0.10103569467880197,0.0,1.704430741555405e-17
25564.622772179682,-0.10246086998489044,0.0,1.9095425491132223e-17
25579.503227809586,-0.10349312282935771,0.0,2.1063958078136938e-17
25594.383683439493,-0.10412779730201213,0.0,2.294206457505549e-17
25609.2641390694,-0.10436176855934041,0.0,2.472228927434441e-17
25624.144594699308,-0.10419345750651052,0.0,2.6397591002851007e-17
25639.025050329215,-0.10362283950199384,0.0,2.796137101733984e-17
25653.905505959123,-0.10265144704112755,0.0,2.940749904443739e-17
25668.785961589027,-0.10128236639828356,0.0,3.0730337362055853e-17
25683.666417218934,-0.0995202282308329,0.0,3.1924762827507464e-17
25698.54687284884,-0.09737119217159436,0.0,3.298618676605029e-17
25713.42732847875,-0.09484292545991432,0.0,3.3910572642479435e-17
25728.307784108656,-0.09194457568483455,0.0,3.4694451447535784e-17
25743.18823973856,-0.08868673773682088,0.0,3.533493474034912e-17
25758.068695368467,-0.08508141508726487,0.0,3.582972529778028e-17
25772.949150998375,-0.08114197553722145,0.0,3.617712533137916e-17
25787.829606628282,-0.07688310159862258,0.0,3.6376042242656905e-17
25802.71006225819,-0.07232073569234476,0.0,3.642599189747061e-17
25817.590517888093,-0.06747202036801299,0.0,3.632709941046521e-17
25832.470973518,-0.06235523377008095,0.0,3.6080097440703914e-17
25847.351429147908,-0.056989720593637785,0.0,3.568632200976823e-17
25862.231884777815,-0.05139581879129121,0.0,3.5147705863703155e-17
25877.112340407723,-0.0455947823094347,0.0,3.4466769410182276e-17
25891.99279603763,-0.03960870014811806,0.0,3.3646609272104684e-17
25906.873251667534,-0.033460412053459246,0.0,3.269088450851148e-17
25921.75370729744,-0.027173421165171685,0.0,3.1603800563145076e-17
25936.63416292735,-0.020771803954085736,0.0,3.0390091010160605e-17
25951.514618557256,-0.014280117795623534,0.0,2.9054997175375207e-17
25966.395074187163,-0.007723306534899454,0.0,2.7604245720003154e-17
25981.275529817067,-0.0011266044075002278,0.0,2.6044024281992726e-17
25996.155985446974,0.005484561313100142,0.0,2.438095527787095e-17
26011.03644107688,0.012084668564963905,0.0,2.262206797535108e-17
26025.91689670679,0.01864819926342681,0.0,2.0774768953832544e-17
26040.797352336696,0.025149738200020554,0.0,1.8846811076339823e-17
26055.6778079666,0.03156407169036219,0.0,1.684626110230879e-17
26070.558263596507,0.03786628558722944,0.0,1.4781466075997444e-17
26085.438719226415,0.044031862276904435,0.0,1.2661018630061625e-17
26100.319174856322,0.05003677628033118,0.0,1.0493721348060993e-17
26115.19963048623,0.055857588085437365,0.0,8.28855033326848e-18
26130.080086116133,0.06147153584337106,0.0,6.0546181341673024e-18
26144.96054174604,0.06685662456916316,0.0,3.801136179400847e-18
26159.840997375948,0.07199171249649967,0.0,1.5373768767108917e-18
26174.721453005855,0.0768565942469195,0.0,-7.273644684893094e-19
26189.601908635763,0.08143208048559768,0.0,-2.9838077587616484e-18
26204.48236426567,0.08570007374913684,0.0,-5.222726078524979e-18
26219.362819895574,0.08964364014519344,0.0,-7.434983380967495e-18
26234.24327552548,0.09324707663946015,0.0,-9.61157173422801e-18
26249.12373115539,0.09649597366223628,0.0,-1.1743647975108959e-17
26264.004186785296,0.09937727278471697,0.0,-1.3822569621278364e-17
26278.884642415203,0.10187931923392303,0.0,-1.5839929896173218e-17
26293.765098045107,0.10399190903498287,0.0,-1.778759172469146e-17
26308.645553675015,0.10570633059008426,0.0,-1.965772056220102e-17
26323.526009304922,0.10701540052479502,0.0,-2.1442815924381075e-17
26338.40646493483,0.1079134936545369,0.0,-2.313574149095914e-17
26353.286920564737,0.10839656694666568,0.0,-2.472975366243189e-17
26368.16737619464,0.10846217737680652,0.0,-2.6218528455400253e-17
26383.047831824548,0.1081094936017166,0.0,-2.7596186629125735e-17
26397.928287454455,0.10733930139489797,0.0,-2.8857316943338975e-17
26412.808743084363,0.10615400281538734,0.0,-2.9996997455142576e-17
26427.68919871427,0.10455760910447987,0.0,-3.1010814771029756e-17
26442.569654344174,0.10255572732955229,0.0,-3.1894881178553923e-17
26457.45010997408,0.10015554081850347,0.0,-3.2645849590991595e-17
26472.33056560399,0.09736578345253757,0.0,-3.326092624740996e-17
26487.211021233896,0.0941967079090139,0.0,-3.3737881119840817e-17
26502.091476863803,0.09066004796972543,0.0,-3.4075055988739474e-17
26516.97193249371,0.08676897503323616,0.0,-3.4271370157520917e-17
26531.852388123614,0.08253804899260257,0.0,-3.432632378670177e-17
26546.73284375352,0.07798316366196593,0.0,-3.423999883795384e-17
26561.61329938343,0.07312148695692619,0.0,-3.401305762820491e-17
26576.493755013336,0.06797139605429026,0.0,-3.364673900371121e-17
26591.374210643244,0.06255240777660084,0.0,-3.3142852153782007e-17
26606.254666273147,0.056885104465748584,0.0,-3.2503768093482015e-17
26621.135121903055,0.0509910556278535,0.0,-3.1732408854152483e-17
26636.015577532962,0.044892735648405124,0.0,-3.083223442994525e-17
26650.89603316287,0.03861343789231666,0.0,-2.9807227537680765e-17
26665.776488792777,0.03217718551799369,0.0,-2.866187625623899e-17
26680.65694442268,0.025608639347752572,0.0,-2.7401154620285218e-17
26695.537400052588,0.01893300314872331,0.0,-2.6030501251409725e-17
26710.417855682495,0.012175926688987482,0.0,-2.45557961176948e-17
26725.298311312403,0.005363406942693279,0.0,-2.2983335520258294e-17
26740.17876694231,-0.0014783121743648167,0.0,-2.131980541245466e-17
26755.059222572214,-0.008322841151063024,0.0,-1.9572253164092105e-17
26769.93967820212,-0.015143746916871011,0.0,-1.774805788924279e-17
26784.82013383203,-0.02191465517185588,0.0,-1.5854899461936438e-17
26799.700589461936,-0.02860935261372431,0.0,-1.3900726349225455e-17
26814.581045091843,-0.03520188866468539,0.0,-1.1893722395765947e-17
26829.46150072175,-0.04166667630244875,0.0,-9.842272698177382e-18
26844.341956351655,-0.047978591602656856,0.0,-7.754928710942801e-18
26859.222411981562,-0.054113071604621324,0.0,-5.640372728580982e-18
26874.10286761147,-0.06004621011824239,0.0,-3.50738189115167e-18
26888.983323241377,-0.06575485109762723,0.0,-1.364791861887325e-18
26903.863778871284,-0.0712166792158757,0.0,7.785396731234259e-19
26918.744234501188,-0.07641030728599278,0.0,2.913769532779159e-18
26933.624690131095,-0.08131536018475302,0.0,5.0321054460250345e-18
26948.505145761002,-0.08591255494949683,0.0,7.124842184544852e-18
26963.38560139091,-0.09018377673241382,0.0,9.183397274861363e-18
26978.266057020817,-0.09411215031253593,0.0,1.1199346143550622e-17
26993.14651265072,-0.0976821068826669,0.0,1.3164456551850075e-17
27008.02696828063,-0.10087944584648104,0.0,1.5070722179062908e-17
27022.907423910536,-0.10369139138014331,0.0,1.6910395217871583e-17
27037.787879540443,-0.10610664353289812,0.0,1.8676017848956176e-17
27052.66833517035,-0.10811542366203317,0.0,2.0360452467104803e-17
27067.548790800254,-0.10970951401944418,0.0,2.1956910536339576e-17
27082.42924643016,-0.11088229132956032,0.0,2.3458979957403288e-17
27097.30970206007,-0.11162875422156857,0.0,2.4860650837240363e-17
27112.190157689976,-0.11194554440263872,0.0,2.6156339556856054e-17
27127.070613319884,-0.11183096148304286,0.0,2.7340911041085606e-17
27141.95106894979,-0.11128497138866242,0.0,2.8409699141348454e-17
27156.831524579695,-0.11030920832123564,0.0,2.935852505036989e-17
27171.711980209602,-0.10890697025173596,0.0,3.0183713676065763e-17
27186.59243583951,-0.10708320795741608,0.0,3.088210791029526e-17
27201.472891469417,-0.10484450763813864,0.0,3.1451080736959085e-17
27216.353347099324,-0.10219906717264839,0.0,3.1888545132886457e-17
27231.233802729228,-0.09915666610019899,0.0,3.219296172412448e-17
27246.114258359135,-0.09572862943746027,0.0,3.236334416953478e-17
27260.994713989043,-0.09192778546469442,0.0,3.239926225301305e-17
27275.87516961895,-0.08776841763878576,0.0,3.2300842675107016e-17
27290.755625248858,-0.08326621081369436,0.0,3.206876754431112e-17
27305.63608087876,-0.07843819197124083,0.0,3.1704270577782174e-17
27320.51653650867,-0.07330266568664551,0.0,3.120913103065899e-17
27335.396992138576,-0.06787914457398603,0.0,3.0585665382497186e-17
27350.277447768483,-0.06218827497646538,0.0,2.9836716818532555e-17
27365.15790339839,-0.05625175818514669,0.0,2.8965642552533453e-17
27380.038359028298,-0.05009226748750027,0.0,2.797629904682246e-17
27394.918814658202,-0.04373336136357949,0.0,2.6873025193653473e-17
27409.79927028811,-0.03719939316297527,0.0,2.566062353043227e-17
27424.679725918017,-0.030515417609682505,0.0,2.434433956929022e-17
27439.560181547924,-0.023707094494699748,0.0,2.292983932917443e-17
27454.44063717783,-0.016800589927448956,0.0,2.142318516591201e-17
27469.321092807735,-0.009822475526976945,0.0,1.983081000259933e-17
27484.201548437642,-0.002799625942263153,0.0,1.815949006911435e-17
27499.08200406755,0.004240884902163341,0.0,1.6416316265568338e-17
27513.962459697457,0.011271888433769505,0.0,1.460866427000933e-17
27528.842915327365,0.01826622652741692,0.0,1.2744163515731127e-17
27543.72337095727,0.025196856661079813,0.0,1.0830665168015582e-17
27558.603826587176,0.032036956723779354,0.0,8.876209234101103e-18
27573.484282217083,0.03876002906852335,0.0,6.888990943557654e-18
27588.36473784699,0.04534000340568031,0.0,4.877326539084514e-18
27603.245193476898,0.051751338136275096,0.0,2.849618619973219e-18
27618.1256491068,0.05796911973042854,0.0,8.143211821562408e-19
27633.00610473671,0.06396915976338936,0.0,-1.2200955001983323e-18
27647.886560366616,0.06972808923032389,0.0,-3.2451800061120365e-18
27662.767015996524,0.07522344977133047,0.0,-5.252534766959465e-18
27677.64747162643,0.08043378144973923,0.0,-7.233850788820308e-18
27692.52792725634,0.08533870673989516,0.0,-9.180941954807311e-18
27707.408382886242,0.08991901039500311,0.0,-1.1085778766086175e-17
27722.28883851615,0.09415671488137324,0.0,-1.2940521382809139e-17
27737.169294146057,0.09803515108229743,0.0,-1.473755182924653e-17
27752.049749775964,0.1015390239929897,0.0,-1.64695052310599e-17
27766.93020540587,0.10465447314717238,0.0,-1.812929995680394e-17
27781.810661035775,0.10736912753617717,0.0,-1.9710166540458707e-17
27796.691116665683,0.10967215480262252,0.0,-2.1205675266987415e-17
27811.57157229559,0.11155430451277307,0.0,-2.2609762308590388e-17
27826.452027925498,0.11300794533455674,0.0,-2.3916754305473616e-17
27841.332483555405,0.11402709597172667,0.0,-2.5121391291507104e-17
27856.21293918531,0.11460744972880499,0.0,-2.6218847872127184e-17
27871.093394815216,0.11474639260609003,0.0,-2.7204752569181762e-17
27885.973850445123,0.11444301484906003,0.0,-2.8075205255105265e-17
27900.85430607503,0.11369811590188657,0.0,-2.8826792606814746e-17
27915.734761704938,0.11251420274035503,0.0,-2.945660151799808e-17
27930.615217334842,0.11089548158519569,0.0,-2.9962230416986466e-17
27945.49567296475,0.10884784302255679,0.0,-3.0341798446137244e-17
27960.376128594657,0.10637884058398397,0.0,-3.0593952467557126e-17
27975.256584224564,0.10349766286373505,0.0,-3.071787186903373e-17
27990.13703985447,0.10021509927642083,0.0,-3.0713271153182516e-17
28005.01749548438,0.09654349958277711,0.0,-3.058040030200751e-17
28019.897951114282,0.09249672733566106,0.0,-3.032004291830034e-17
28034.77840674419,0.08809010742213284,0.0,-2.993351215449302e-17
28049.658862374097,0.08334036790055116,0.0,-2.942264444874258e-17
28064.539318004005,0.07826557635392674,0.0,-2.8789791097062257e-17
28079.419773633912,0.07288507100226316,0.0,-2.8037807699257676e-17
28094.300229263816,0.06721938683716278,0.0,-2.717004152517624e-17
28109.180684893723,0.061290177061517195,0.0,-2.6190316856335155e-17
28124.06114052363,0.055120130135556826,0.0,-2.5102918366325125e-17
28138.941596153538,0.04873288274782943,0.0,-2.3912572611418285e-17
28153.822051783445,0.04215292904574401,0.0,-2.262442771057261e-17
28168.70250741335,0.035405526475124655,0.0,-2.1244031301418006e-17
28183.582963043256,0.02851659859159216,0.0,-1.977730686586004e-17
28198.463418673164,0.021512635218721092,0.0,-1.823052852558867e-17
28213.34387430307,0.014420590338375186,0.0,-1.6610294413987373e-17
28228.22432993298,0.007267778107822224,0.0,-1.4923498736736826e-17
28243.104785562882,8.176740574516832e-05,0.0,-1.3177302638697294e-17
28257.98524119279,-0.007109724684756369,0.0,-1.1379103999478384e-17
28272.865696822697,-0.014278940043581712,0.0,-9.536506284402796e-18
28287.746152452604,-0.021398186916161473,0.0,-7.657286581343757e-18
28302.62660808251,-0.02843994713449232,0.0,-5.749362957144931e-18
28317.50706371242,-0.0353769827405615,0.0,-3.820761270008832e-18
28332.387519342323,-0.04218244159801837,0.0,-1.8795815763351202e-18
28347.26797497223,-0.04882996158166463,0.0,6.603572797612533e-20
28362.148430602138,-0.055293772939482885,0.0,2.007943890784035e-18
28377.028886232045,-0.061548798428873834,0.0,3.938023770220584e-18
28391.909341861952,-0.06757075083704123,0.0,5.848217643343047e-18
28406.789797491856,-0.07333622750541759,0.0,7.730562716638492e-18
28421.670253121763,-0.07882280148942321,0.0,9.577224199472032e-18
28436.55070875167,-0.08400910899762114,0.0,1.1380527803533443e-17
28451.431164381578,-0.08887493276863373,0.0,1.3132991533870063e-17
28466.311620011486,-0.09340128105966528,0.0,1.4827356640170114e-17
28481.19207564139,-0.0975704619373698,0.0,1.6456617600584168e-17
28496.072531271297,-0.10136615257982828,0.0,1.8014051014531512e-17
28510.952986901204,-0.10477346331758525,0.0,1.9493243285573483e-17
28525.83344253111,-0.10777899616200123,0.0,2.0888116980613304e-17
28540.71389816102,-0.11037089759038082,0.0,2.2192955757265486e-17
28555.594353790926,-0.11253890537954347,0.0,2.3402427757308822e-17
28570.47480942083,-0.1142743893024716,0.0,2.451160737060665e-17
28585.355265050737,-0.11557038552640925,0.0,2.551599528074151e-17
28600.235720680645,-0.11642162457513819,0.0,2.641153671083338e-17
28615.116176310552,-0.116824552743091,0.0,2.7194637795574245e-17
28629.99663194046,-0.11677734687431451,0.0,2.786218001336011e-17
28644.877087570363,-0.11627992244502484,0.0,2.841153262052986e-17
28659.75754320027,-0.11533393491446697,0.0,2.884056303807644e-17
28674.637998830178,-0.11394277433492289,0.0,2.9147645149746065e-17
28689.518454460085,-0.11211155323787941,0.0,2.9331665479167854e-17
28704.398910089993,-0.10984708783950646,0.0,2.939202722248959e-17
28719.279365719896,-0.10715787263455298,0.0,2.932865212193847e-17
28734.159821349804,-0.10405404847350141,0.0,2.914198017470462e-17
28749.04027697971,-0.10054736424317551,0.0,2.8832967180554573e-17
28763.92073260962,-0.09665113229591159,0.0,2.840308014055353e-17
28778.801188239526,-0.0923801777967542,0.0,2.785429052820517e-17
28793.68164386943,-0.08775078218187246,0.0,2.7189065463133735e-17
28808.562099499337,-0.08278062094433133,0.0,2.6410356826130798e-17
28823.442555129244,-0.07748869598554943,0.0,2.5521588362917004e-17
28838.32301075915,-0.0718952627919566,0.0,2.4526640832273627e-17
28853.20346638906,-0.0660217527166253,0.0,2.3429835262302215e-17
28868.083922018966,-0.05989069066481506,0.0,2.2235914386362834e-17
28882.96437764887,-0.05352560850033841,0.0,2.09500223377634e-17
28897.844833278778,-0.04695095450647434,0.0,1.9577682689431357e-17
28912.725288908685,-0.040191999250627185,0.0,1.8124774931626334e-17
28927.605744538592,-0.03327473821606945,0.0,1.6597509487147754e-17
28942.4862001685,-0.026225791576848758,0.0,1.5002401369511915e-17
28957.366655798403,-0.019072301503212548,0.0,1.3346242595113367e-17
28972.24711142831,-0.011841827394698426,0.0,1.1636073465487375e-17
28987.127567058218,-0.00456223944625316,0.0,9.879152840390431e-18
29002.008022688125,0.002738389040572853,0.0,8.08292752651061e-18
29016.888478318033,0.010031890184252844,0.0,6.25500091021212e-18
29031.768933947937,0.01729011046715505,0.0,4.403100965743908e-18
29046.649389577844,0.024485019674320235,0.0,2.5350477728483818e-18
29061.52984520775,0.031588819404547656,0.0,6.587206796368633e-19
29076.41030083766,0.03857405073277186,0.0,-1.217974752033244e-18
29091.290756467566,0.04541370060571018,0.0,-3.087139880644168e-18
29106.17121209747,0.0520813065575781,0.0,-4.940916060308004e-18
29121.051667727377,0.058551059338966226,0.0,-6.771517519348305e-18
29135.932123357285,0.06479790305989944,0.0,-8.571263905195714e-18
29150.812578987192,0.07079763245762974,0.0,-1.033261236009993e-17
29165.6930346171,0.07652698691063936,0.0,-1.2048188994222749e-17
29180.573490247007,0.08196374083287546,0.0,-1.371081962527832e-17
29195.45394587691,0.0870867900960906,0.0,-1.5313559657044277e-17
29210.334401506818,0.0918762341434899,0.0,-1.684972297273906e-17
29225.214857136725,0.09631345347442033,0.0,-1.831290972345336e-17
29240.095312766633,0.10038118219775977,0.0,-1.969703289651882e-17
29254.97576839654,0.10406357537061513,0.0,-2.0996343553840077e-17
29269.856224026444,0.10734627085914045,0.0,-2.2205454635864724e-17
29284.73667965635,0.1102164454794119,0.0,-2.3319363232872418e-17
29299.61713528626,0.11266286519843537,0.0,-2.4333471231753675e-17
29314.497590916166,0.11467592919834318,0.0,-2.524360425325062e-17
29329.378046546073,0.11624770763059065,0.0,-2.6046028801834496e-17
29344.258502175977,0.11737197291138851,0.0,-2.6737467557866535e-17
29359.138957805884,0.11804422443465926,0.0,-2.7315112749505057e-17
29374.01941343579,0.11826170660429146,0.0,-2.777663754983728e-17
29388.8998690657,0.11802342011339328,0.0,-2.812020545299583e-17
29403.780324695606,0.11733012642443431,0.0,-2.834447759146575e-17
29418.66078032551,0.11618434543054551,0.0,-2.844861796538912e-17
29433.541235955418,0.1145903463047262,0.0,-2.8432296563400306e-17
29448.421691585325,0.11255413157015365,0.0,-2.829569036332347e-17
29463.302147215232,0.11008341445112346,0.0,-2.80394822099059e-17
29478.18260284514,0.1071875895902613,0.0,-2.7664857575620998e-17
29493.063058475047,0.10387769724342957,0.0,-2.717349921938153e-17
29507.94351410495,0.10016638108911541,0.0,-2.6567579766780235e-17
29522.823969734858,0.09606783981391478,0.0,-2.584975224410187e-17
29537.704425364765,0.09159777265995997,0.0,-2.50231386068887e-17
29552.584880994673,0.0867733191436173,0.0,-2.4091316312169337e-17
29567.46533662458,0.08161299317749014,0.0,-2.3058302991582626e-17
29582.345792254484,0.07613661184955733,0.0,-2.1928539290544802e-17
29597.22624788439,0.07036521913409542,0.0,-2.0706869946190884e-17
29612.1067035143,0.06432100482879205,0.0,-1.9398523184155357e-17
29626.987159144206,0.05802721903105938,0.0,-1.800908852119877e-17
29641.867614774113,0.05150808248399649,0.0,-1.6544493067336657e-17
29656.748070404017,0.04478869313853592,0.0,-1.5010976427279577e-17
29671.628526033925,0.037894929293117205,0.0,-1.3415064306851335e-17
29686.508981663832,0.030853349685631453,0.0,-1.1763540935355612e-17
29701.38943729374,0.023691090924236324,0.0,-1.0063420419764483e-17
29716.269892923647,0.016435762654168445,0.0,-8.32191715102216e-18
29731.15034855355,0.009115340866513137,0.0,-6.5464153866319606e-18
29746.030804183458,0.001758059762171855,0.0,-4.744438137081691e-18
29760.911259813365,-0.005607697409915159,0.0,-2.9236154865281934e-18
29775.791715443273,-0.012953508117279248,0.0,-1.091652480455557e-18
29790.67217107318,-0.020251020485637115,0.0,7.437032852500721e-19
29805.552626703087,-0.027472062991506632,0.0,2.5746942381148475e-18
29820.43308233299,-0.034588753480329686,0.0,4.393585429542938e-18
29835.3135379629,-0.04157360708719436,0.0,6.1926970255582514e-18
29850.193993592806,-0.048399642641432775,0.0,7.964436552011604e-18
29865.074449222713,-0.05504048714219734,0.0,9.701330759509278e-18
29879.95490485262,-0.06147047789947781,0.0,1.1396056974924614e-17
29894.835360482524,-0.06766476194402435,0.0,1.3041473808584012e-17
29909.71581611243,-0.07359939232021122,0.0,1.463065108894062e-17
29924.59627174234,-0.07925142088780435,0.0,1.6156898899803396e-17
29939.476727372246,-0.08459898727219209,0.0,1.76137955989903e-17
29954.357183002154,-0.08962140361745533,0.0,1.8995214701579613e-17
29969.237638632057,-0.094299234812906,0.0,2.0295350515669888e-17
29984.118094261965,-0.09861437388124727,0.0,2.150874242384515e-17
29998.998549891872,-0.10255011223522853,0.0,2.2630297709195838e-17
30013.87900552178,-0.10609120452957088,0.0,2.3655312830875866e-17
30028.759461151687,-0.10922392785582073,0.0,2.4579493060647343e-17
30043.639916781594,-0.11193613504979208,0.0,2.539897039876623e-17
30058.520372411498,-0.11421730190399712,0.0,2.61103196947319e-17
30073.400828041405,-0.11605856810117415,0.0,2.671057290596984e-17
30088.281283671313,-0.11745277170930421,0.0,2.7197231435281806e-17
30103.16173930122,-0.1183944771035364,0.0,2.7568276495950094e-17
30118.042194931128,-0.11887999620590438,0.0,2.782217746162201e-17
30132.92265056103,-0.11890740295966837,0.0,2.795789816652843e-17
30147.80310619094,-0.11847654098135266,0.0,2.7974901130150563e-17
30162.683561820846,-0.11758902436004237,0.0,2.787314968912739e-17
30177.564017450753,-0.1162482316000904,0.0,2.7653108027933135e-17
30192.44447308066,-0.11445929273001412,0.0,2.731573910863295e-17
30207.324928710565,-0.11222906962687816,0.0,2.6862500508794046e-17
30222.205384340472,-0.10956612963181975,0.0,2.629533818536745e-17
30237.08583997038,-0.1064807125584118,0.0,2.561667819101181e-17
30251.966295600287,-0.10298469122121602,0.0,2.4829416377869948e-17
30266.846751230194,-0.09909152563705172,0.0,2.393690613222297e-17
30281.727206860098,-0.0948162110760834,0.0,2.294294419165003e-17
30296.607662490005,-0.09017522016368858,0.0,2.1851754604323004e-17
30311.488118119913,-0.08518643925722452,0.0,2.0667970897829233e-17
30326.36857374982,-0.07986909934401575,0.0,1.9396616532373017e-17
30341.249029379727,-0.07424370172815646,0.0,1.8043083720358575e-17
30356.129485009635,-0.06833193879403116,0.0,1.6613110701196674e-17
30371.00994063954,-0.06215661015348371,0.0,1.5112757566581768e-17
30385.890396269446,-0.05574153450160278,0.0,1.3548380737572647e-17
30400.770851899353,-0.04911145752268251,0.0,1.1926606200400457e-17
30415.65130752926,-0.0422919562033193,0.0,1.0254301613128186e-17
30430.531763159168,-0.03530933992350717,0.0,8.538547399967914e-18
30445.41221878907,-0.028190548709187864,0.0,6.786606954329035e-18
30460.29267441898,-0.020963049040653936,0.0,5.0058960753254244e-18
30475.173130048886,-0.01365472762077157,0.0,3.203951765731724e-18
30490.053585678794,-0.006293783514877775,0.0,1.388400521999288e-18
30504.9340413087,0.0010913809194941474,0.0,-4.330737509341608e-19
30519.814496938605,0.008472269890111059,0.0,-2.2527620657075244e-18
30534.694952568512,0.015820404388898958,0.0,-4.062962784185389e-18
30549.57540819842,0.023107432344739262,0.0,-5.85601401891429e-18
30564.455863828327,0.030305238283193564,0.0,-7.624325868762379e-18
30579.336319458234,0.03738605206793663,0.0,-9.360412353793511e-18
30594.216775088138,0.04432255630236029,0.0,-1.1056922915695652e-17
30609.097230718045,0.051087991974933286,0.0,-1.2706673351858547e-17
30623.977686347953,0.0576562619387638,0.0,-1.4302676053591715e-17
30638.85814197786,0.06400203182428495,0.0,-1.5838169421858235e-17
30653.738597607768,0.07010082799383896,0.0,-1.7306646337306778e-17
30668.619053237675,0.07592913215858277,0.0,-1.8701881565368848e-17
30683.49950886758,0.08146447229096615,0.0,-2.001795798157363e-17
30698.379964497486,0.08668550948057047,0.0,-2.1249291507200535e-17
30713.260420127393,0.09157212039672846,0.0,-2.239065465072347e-17
30728.1408757573,0.0961054750385357,0.0,-2.343719855633865e-17
30743.02133138721,0.10026810947109523,0.0,-2.4384473467077172e-17
30757.901787017112,0.10404399326636551,0.0,-2.5228447516631155e-17
30772.78224264702,0.10741859138753818,0.0,-2.5965523770961693e-17
30787.662698276927,0.11037892027745412,0.0,-2.6592555448086393e-17
30802.543153906834,0.1129135979341244,0.0,-2.7106859252026794e-17
30817.42360953674,0.11501288777971562,0.0,-2.7506226764757275e-17
30832.304065166645,0.11666873615353955,0.0,-2.7788933848115486e-17
30847.184520796553,0.1178748032842937,0.0,-2.7953748015918527e-17
30862.06497642646,0.11862648762216556,0.0,-2.799993374501255e-17
30876.945432056367,0.11892094343717917,0.0,-2.7927255702578553e-17
30891.825887686275,0.11875709161632081,0.0,-2.7735979875717252e-17
30906.70634331618,0.11813562361838242,0.0,-2.742687259809288e-17
30921.586798946086,0.11705899857202835,0.0,-2.700119747719723e-17
30936.467254575993,0.11553143352920942,0.0,-2.6460710234564226e-17
30951.3477102059,0.11355888691261534,0.0,-2.5807651479984513e-17
30966.228165835808,0.11114903522225908,0.0,-2.5044737449397223e-17
30981.108621465715,0.10831124309246878,0.0,-2.417514874465947e-17
30995.98907709562,0.1050565268163228,0.0,-2.3202517121730586e-17
31010.869532725526,0.10139751147994469,0.0,-2.2130910381989264e-17
31025.749988355434,0.09734838187382552,0.0,-2.09648154293219e-17
31040.63044398534,0.09292482737248667,0.0,-1.970911956331246e-17
31055.51089961525,0.08814398099716599,0.0,-1.8369090086227958e-17
31070.391355245152,0.08302435289877572,0.0,-1.6950352308595358e-17
31085.27181087506,0.07758575851996247,0.0,-1.545886604482981e-17
31100.152266504967,0.07184924171574918,0.0,-1.390090069675637e-17
31115.032722134874,0.06583699313173397,0.0,-1.2283009028764909e-17
31129.91317776478,0.05957226415715214,0.0,-1.0611999743835451e-17
31144.793633394685,0.05307927678730334,0.0,-8.894908974746636e-18
31159.674089024593,0.04638312974552844,0.0,-7.138970809294222e-18
31174.5545446545,0.03950970122954968,0.0,-5.351586972498222e-18
31189.435000284408,0.032485548659803826,0.0,-3.540295792249555e-18
31204.315455914315,0.025337805819158662,0.0,-1.712740577984392e-18
31219.195911544222,0.018094077783299068,0.0,1.2336245561840724e-19
31234.076367174126,0.010782334049650842,0.0,1.9602565858819586e-18
31248.956822804033,0.0034308002795455576,0.0,3.790177164975025e-18
31263.83727843394,-0.00393215092632099,0.0,5.605384252105887e-18
31278.71773406385,-0.011278109795463483,0.0,7.398195158602562e-18
31293.598189693756,-0.01857873926855732,0.0,9.16101676971492e-18
31308.47864532366,-0.025805884575656447,0.0,1.0886377507812681e-17
31323.359100953567,-0.032931682079024985,0.0,1.2566958803153686e-17
31338.239556583474,-0.03992866696069621,0.0,1.4195625940303812e-17
31353.12001221338,-0.04676987933765454,0.0,1.576545815094386e-17
31368.00046784329,-0.05342896839358641,0.0,1.7269777826768683e-17
31382.880923473193,-0.05988029412405699,0.0,1.870217872989926e-17
31397.7613791031,-0.0660990263012928,0.0,2.005655308226924e-17
31412.641834733007,-0.07206124027564012,0.0,2.1327117420124944e-17
31427.522290362915,-0.07774400924322536,0.0,2.2508437104851178e-17
31442.402745992822,-0.08312549262304522,0.0,2.359544938687408e-17
31457.283201622726,-0.08818502020204522,0.0,2.4583484925412442e-17
31472.163657252633,-0.09290317172317344,0.0,2.5468287673197473e-17
31487.04411288254,-0.09726185160922254,0.0,2.6246033042094842e-17
31501.924568512448,-0.10124435853425554,0.0,2.691334427265554e-17
31516.805024142355,-0.10483544957447347,0.0,2.7467306938105483e-17
31531.685479772263,-0.10802139869150196,0.0,2.7905481520994386e-17
31546.565935402166,-0.11079004932319628,0.0,2.822591400876088e-17
31561.446391032074,-0.11313086087993791,0.0,2.8427144462681776e-17
31576.32684666198,-0.1150349489681776,0.0,2.8508213523112166e-17
31591.20730229189,-0.11649511918735879,0.0,2.846866682250849e-17
31606.087757921796,-0.11750589437134573,0.0,2.83085572864295e-17
31620.9682135517,-0.11806353517099509,0.0,2.8028445311515186e-17
31635.848669181607,-0.11816605390035997,0.0,2.7629396818286656e-17
31650.729124811514,-0.11781322159521662,0.0,2.71129791854722e-17
31665.60958044142,-0.11700656825895593,0.0,2.6481255081405607e-17
31680.49003607133,-0.11574937629733187,0.0,2.573677421681646e-17
31695.370491701233,-0.11404666717001144,0.0,2.488256305202522e-17
31710.25094733114,-0.11190518131316524,0.0,2.392211250009294e-17
31725.131402961048,-0.10933335141346842,0.0,2.285936367587206e-17
31740.011858590955,-0.10634126913963052,0.0,2.1698691749079602e-17
31754.892314220862,-0.10294064546293696,0.0,2.0444887967447628e-17
31769.772769850766,-0.09914476472314347,0.0,1.9103139923704982e-17
31784.653225480673,-0.09496843262021462,0.0,1.7679010147478296e-17
31799.53368111058,-0.09042791833602334,0.0,1.6178413110287206e-17
31814.414136740488,-0.08554089101267173,0.0,1.4607590738427275e-17
31829.294592370396,-0.08032635083607575,0.0,1.2973086534881573e-17
31844.175048000303,-0.07480455499415423,0.0,1.12817184172131e-17
31859.055503630207,-0.0689969387988637,0.0,9.540550383874094e-18
31873.935959260114,-0.06292603227984965,0.0,7.756863126282396e-18
31888.81641489002,-0.056615372575082604,0.0,5.938123708530833e-18
31903.69687051993,-0.05008941245987068,0.0,4.091954440564404e-18
31918.577326149836,-0.04337342537058645,0.0,2.2261010740867736e-18
31933.45778177974,-0.036493407292879594,0.0,3.48400453426264e-19
31948.338237409647,-0.029475975896092882,0.0,-1.5332522440742825e-18
31963.218693039555,-0.022348267306246422,0.0,-3.4109365417537074e-18
31978.099148669462,-0.015137830918764788,0.0,-5.276739833777667e-18
31992.97960429937,-0.007872522659756338,0.0,-7.122790553400637e-18
32007.860059929273,-0.0005803971103010199,0.0,-8.941291200954715e-18
32022.74051555918,0.0067104010874388985,0.0,-1.072455109359266e-17
32037.620971189088,0.01397174612095146,0.0,-1.2465018699898956e-17
32052.501426818995,0.02117563977264955,0.0,-1.4155313424102727e-17
32067.381882448903,0.028294319638051846,0.0,-1.5788256706756577e-17
32082.262338078806,0.03530036637759233,0.0,-1.735690231156123e-17
32097.142793708714,0.042166809586702894,0.0,-1.8854565671214758e-17
32112.02324933862,0.04886723187441626,0.0,-2.0274852169034463e-17
32126.90370496853,0.05537587074784859,0.0,-2.1611684237392577e-17
32141.784160598436,0.061667717908713754,0.0,-2.2859327158852668e-17
32156.664616228343,0.06771861557814816,0.0,-2.4012413461166916e-17
32171.545071858247,0.07350534947799064,0.0,-2.5065965803093345e-17
32186.425527488154,0.07900573810972195,0.0,-2.6015418254138744e-17
32201.30598311806,0.0841987179868881,0.0,-2.6856635877963523e-17
32216.18643874797,0.08906442449270202,0.0,-2.7585932536162636e-17
32231.066894377876,0.09358426805166778,0.0,-2.820008683643595e-17
32245.94735000778,0.09774100532243474,0.0,-2.8696356156866625e-17
32260.827805637688,0.1015188051385663,0.0,-2.907248868591744e-17
32275.708261267595,0.10490330894445626,0.0,-2.9326733425992094e-17
32290.588716897502,0.10788168549511093,0.0,-2.9457848116814934e-17
32305.46917252741,0.11044267961094739,0.0,-2.946510504350306e-17
32320.349628157313,0.11257665480189463,0.0,-2.934829470296615e-17
32335.23008378722,0.11427562959904777,0.0,-2.910772731116109e-17
32350.110539417128,0.11553330745660051,0.0,-2.8744232142682644e-17
32364.990995047036,0.11634510011183656,0.0,-2.8259154703189125e-17
32379.871450676943,0.11670814431642418,0.0,-2.765435174416645e-17
32394.751906306847,0.11662131187802144,0.0,-2.693218413852414e-17
32409.632361936754,0.11608521297722549,0.0,-2.6095507644423616e-17
32424.51281756666,0.11510219275101365,0.0,-2.514766159355297e-17
32439.39327319657,0.11367632115996244,0.0,-2.409245554871902e-17
32454.273728826476,0.11181337618261321,0.0,-2.2934153984130103e-17
32469.154184456384,0.10952082040619868,0.0,-2.167745904999439e-17
32484.034640086287,0.10680777110857667,0.0,-2.0327491491111836e-17
32498.915095716195,0.10368496395138271,0.0,-1.8889769796850196e-17
32513.795551346102,0.10016471042918107,0.0,-1.7370187667356132e-17
32528.67600697601,0.09626084924352155,0.0,-1.577498988791824e-17
32543.556462605917,0.09198869179427004,0.0,-1.4110746710107472e-17
32558.43691823582,0.08736496200334692,0.0,-1.238432684464796e-17
32573.317373865728,0.08240773070781623,0.0,-1.0602869176825377e-17
32588.197829495635,0.07713634488024054,0.0,-8.773753320685404e-18
32603.078285125543,0.07157135195408833,0.0,-6.904569133195744e-18
32617.95874075545,0.06573441955087063,0.0,-5.003085314036107e-18
32632.839196385354,0.05964825092323686,0.0,-3.0772172205612908e-18
32647.71965201526,0.053336496444800416,0.0,-1.1349940309303336e-18
32662.60010764517,0.04682366149250427,0.0,8.154746087814561e-19
32677.480563275076,0.040135011081128186,0.0,2.7660323153858684e-18
32692.361018904983,0.033296471621952484,0.0,4.708509937446702e-18
32707.24147453489,0.02633453018843297,0.0,6.63475962123413e-18
32722.121930164794,0.019276131681204702,0.0,8.536688832250313e-18
32737.0023857947,0.012148574292614659,0.0,1.040629419079e-17
32751.88284142461,0.00497940367729024,0.0,1.223569498065342e-17
32766.763297054516,-0.002203693760023294,0.0,1.401716619132552e-17
32781.643752684424,-0.009372998044914283,0.0,1.574317095567522e-17
32796.52420831433,-0.01650086286620656,0.0,1.7406392247639068e-17
32811.40466394424,-0.023559822445406872,0.0,1.8999763707209054e-17
32826.28511957414,-0.03052269762864772,0.0,2.051649946357555e-17
32841.165575204046,-0.03736270079032648,0.0,2.1950122831223596e-17
32856.04603083395,-0.044053539142497045,0.0,2.3294493758351418e-17
32870.92648646386,-0.050569516050724225,0.0,2.454383491202131e-17
32885.80694209377,-0.056885629964937706,0.0,2.569275628992709e-17
32900.687397723676,-0.06297767058356488,0.0,2.6736278254702833e-17
32915.56785335358,-0.06882231188008106,0.0,2.7669852893066916e-17
32930.44830898349,-0.07439720163372109,0.0,2.848938360897166e-17
32945.3287646134,-0.07968104711981697,0.0,2.919124286710017e-17
32960.209220243305,-0.08465369663051492,0.0,2.977228801066293e-17
32975.08967587321,-0.08929621651294459,0.0,3.0229875085304785e-17
32989.97013150311,-0.093590963429662,0.0,3.056187060915058e-17
33004.85058713302,-0.09752165156492432,0.0,3.076666123742373e-17
33019.73104276293,-0.10107341452014919,0.0,3.084316127876794e-17
33034.611498392835,-0.10423286166284063,0.0,3.079081802924126e-17
33049.49195402274,-0.10698812871486402,0.0,3.060961489894819e-17
33064.37240965265,-0.10932892238858896,0.0,3.0300072315405833e-17
33079.25286528256,-0.11124655890260422,0.0,2.9863246396924254e-17
33094.133320912464,-0.11273399623266094,0.0,2.93007253985184e-17
33109.01377654237,-0.11378585997792401,0.0,2.8614623942093316e-17
33123.89423217228,-0.11439846274748067,0.0,2.7807575051848e-17
33138.774687802186,-0.11456981699732408,0.0,2.6882720024954862e-17
33153.655143432086,-0.11429964127348691,0.0,2.584369617657647e-17
33168.535599061994,-0.11358935984266458,0.0,2.4694622507135034e-17
33183.4160546919,-0.11244209571733679,0.0,2.3440083348426195e-17
33198.29651032181,-0.11086265710804252,0.0,2.2085110053583316e-17
33213.176965951716,-0.10885751736097457,0.0,2.063516080411954e-17
33228.05742158162,-0.10643478846426947,0.0,1.9096098615125192e-17
33242.93787721153,-0.10360418823131265,0.0,1.7474167627301232e-17
33257.81833284144,-0.10037700129378822,0.0,1.5775967781675093e-17
33272.698788471345,-0.09676603406117568,0.0,1.4008427979709258e-17
33287.57924410125,-0.09278556382662942,0.0,1.2178777837866343e-17
33302.45969973115,-0.08845128222181439,0.0,1.0294518151707789e-17
33317.34015536106,-0.08378023324495373,0.0,8.363390190032937e-18
33332.22061099097,-0.07879074610731553,0.0,6.3933439446359296e-18
33347.101066620875,-0.07350236316317535,0.0,4.392505465679468e-18
33361.98152225078,-0.0679357632071878,0.0,2.3691434166710144e-18
33376.86197788069,-0.062112680440864626,0.0,3.3163498645028675e-19
33391.7424335106,-0.05605581942630514,0.0,-1.7115687016095577e-18
33406.622889140504,-0.04978876636074517,0.0,-3.7519775406561e-18
33421.50334477041,-0.043335897019346016,0.0,-5.781097607521677e-18
33436.38380040032,-0.036722281726360585,0.0,-7.790466400687819e-18
33451.26425603023,-0.029973587725952048,0.0,-9.771688003334695e-18
33466.14471166013,-0.023115979333746296,0.0,-1.1716468025793919e-17
33481.025167290034,-0.01617601625841608,0.0,-1.3616648182493444e-17
33495.90562291994,-0.00918055048936137,0.0,-1.5464240359768878e-17
33510.78607854985,-0.0021566221517461577,0.0,-1.725146003282383e-17
33525.666534179756,0.004868645266256147,0.0,-1.8970758892641517e-17
33540.54698980966,0.011868149907024023,0.0,-2.0614856546676357e-17
33555.42744543957,0.018814916350531993,0.0,-2.2176771160851667e-17
33570.30790106948,0.025682199828514156,0.0,-2.364984891452131e-17
33585.188356699386,0.03244358944222587,0.0,-2.5027792144840187e-17
33600.06881232929,0.03907310998444818,0.0,-2.6304686062159425e-17
33614.94926795919,0.04554532197223454,0.0,-2.7475023923878253e-17
33629.8297235891,0.051835419504232885,0.0,-2.85337305603236e-17
33644.71017921901,0.057919325565189285,0.0,-2.9476184152923727e-17
33659.590634848915,0.06377378441067426,0.0,-3.0298236172020697e-17
33674.47109047882,0.06937645067657579,0.0,-3.0996229389103304e-17
33689.35154610873,0.07470597487115407,0.0,-3.156701388611637e-17
33704.23200173864,0.07974208492175586,0.0,-3.2007960992608774e-17
33719.112457368545,0.0844656634639638,0.0,-3.23169750899957e-17
33733.99291299845,0.08885882057780678,0.0,-3.249250323087145e-17
33748.87336862836,0.09290496169365085,0.0,-3.253354253030104e-17
33763.75382425827,0.09658885040942947,0.0,-3.243964529510791e-17
33778.63427988817,0.0998966659808892,0.0,-3.221092186650205e-17
33793.514735518074,0.10281605526749285,0.0,-3.184804116075503e-17
33808.39519114798,0.10533617893833241,0.0,-3.1352228902130975e-17
33823.27564677789,0.10744775176498364,0.0,-3.07252635517753e-17
33838.1561024078,0.10914307685128205,0.0,-2.996946994578542e-17
33853.036558037704,0.11041607367378127,0.0,-2.9087710665147154e-17
33867.91701366761,0.11126229983080888,0.0,-2.808337516960968e-17
33882.79746929752,0.1116789664225509,0.0,-2.6960366736840904e-17
33897.677924927426,0.11166494700946114,0.0,-2.572308725731645e-17
33912.55838055733,0.11122078012124634,0.0,-2.4376419944302527e-17
33927.43883618723,0.11034866531379836,0.0,-2.2925710026986003e-17
33942.31929181714,0.109052452796469,0.0,-2.1376743503211318e-17
33957.19974744705,0.10733762667705446,0.0,-1.9735724036397253e-17
33972.080203076956,0.10521128189659563,0.0,-1.800924808898327e-17
33986.96065870686,0.10268209495050332,0.0,-1.6204278392145657e-17
34001.84111433677,0.09976028851658693,0.0,-1.432811585855702e-17
34016.72156996668,0.0964575901340438,0.0,-1.2388370051493367e-17
34031.602025596585,0.09278718510047303,0.0,-1.0392928329760632e-17
34046.48248122649,0.08876366377617859,0.0,-8.349923793491138e-18
34061.3629368564,0.0844029635066105,0.0,-6.267702161045043e-18
34076.24339248631,0.07972230539438083,0.0,-4.1547877117894434e-18
34091.12384811621,0.07474012617209802,0.0,-2.0198484336354732e-18
34106.004303746115,0.06947600544596022,0.0,1.2833948234702271e-19
34120.88475937602,0.06395058859774332,0.0,2.2809276549928634e-18
34135.76521500593,0.05818550564934442,0.0,4.429031886225223e-18
34150.64567063584,0.052203286409337774,0.0,6.563768745121321e-18
34165.526126265744,0.046027272235153696,0.0,8.676292212481534e-18
34180.40658189565,0.03968152475713425,0.0,1.075783023510863e-17
34195.28703752556,0.03319073192221013,0.0,1.2799721039068748e-17
34210.167493155466,0.026580111724859662,0.0,1.479344905205159e-17
34225.04794878537,0.01987531400161173,0.0,1.673068028624892e-17
34239.928404415274,0.013102320672403547,0.0,1.860329703521232e-17
34254.80886004518,0.006287344817619438,0.0,2.040343174074452e-17
34269.68931567509,-0.0005432710161368121,0.0,2.212349988902528e-17
34284.569771304996,-0.007363156886213709,0.0,2.3756231799031025e-17
34299.4502269349,-0.014146017503475949,0.0,2.529470317055976e-17
34314.33068256481,-0.02086573386548255,0.0,2.673236426414848e-17
34329.21113819472,-0.027496464079428753,0.0,2.806306759053469e-17
34344.091593824625,-0.034012742984777355,0.0,2.928109399331151e-17
34358.97204945453,-0.040389580190560104,0.0,3.038117701478335e-17
34373.85250508444,-0.04660255614900835,0.0,3.135852544199093e-17
34388.73296071435,-0.052627915895255124,0.0,3.2208843937124496e-17
34403.61341634425,-0.05844266009238202,0.0,3.292835166431398e-17
34418.493871974155,-0.0640246330320669,0.0,3.351379883286776e-17
34433.37432760406,-0.06935260725320903,0.0,3.396248108545143e-17
34448.25478323397,-0.07440636445467387,0.0,3.4272251668479945e-17
34463.13523886388,-0.07916677239295616,0.0,3.4441531330956154e-17
34478.015694493784,-0.08361585747162162,0.0,3.446931590729292e-17
34492.89615012369,-0.087736872746492,0.0,3.435518154904784e-17
34507.7766057536,-0.09151436108870688,0.0,3.4099287580142445e-17
34522.65706138351,-0.09493421326694888,0.0,3.3702376959820643e-17
34537.537517013414,-0.09798372073014784,0.0,3.3165774347434736e-17
34552.417972643314,-0.10065162289288421,0.0,3.2491381772954823e-17
34567.29842827322,-0.10292814874731619,0.0,3.168167192695232e-17
34582.17888390313,-0.10480505264773315,0.0,3.073967909359394e-17
34597.059339533036,-0.10627564413668826,0.0,2.9668987759897936e-17
34611.93979516294,-0.10733481170497633,0.0,2.847371894409169e-17
34626.82025079285,-0.10797904040146954,0.0,2.7158514295341522e-17
34641.70070642276,-0.10820642323278074,0.0,2.5728518026350112e-17
34656.581162052666,-0.10801666631699575,0.0,2.4189356749314863e-17
34671.46161768257,-0.10741108777997915,0.0,2.2547117294440362e-17
34686.34207331248,-0.10639261040713913,0.0,2.0808322598616848e-17
34701.22252894239,-0.10496574808774295,0.0,1.8979905759925772e-17
34716.10298457229,-0.1031365861129597,0.0,1.7069182361299615e-17
34730.983440202195,-0.10091275541263026,0.0,1.5083821173948406e-17
34745.8638958321,-0.09830340083915379,0.0,1.3031813357967009e-17
34760.74435146201,-0.09531914362991459,0.0,1.0921440283901641e-17
34775.62480709192,-0.09197203820205967,0.0,8.761240104887385e-18
34790.505262721825,-0.08827552345531128,0.0,6.559973214335457e-18
34805.38571835173,-0.0842443687795192,0.0,4.326586728881857e-18
34820.26617398164,-0.0798946149840436,0.0,2.0701781405900925e-18
34835.14662961155,-0.07524351038540283,0.0,-2.000417140264803e-19
34850.027085241454,-0.07030944230817332,0.0,-2.474786217499588e-18
34864.907540871354,-0.06511186427155893,0.0,-4.7447309143684086e-18
34879.78799650126,-0.05967121915038943,0.0,-7.000551678763247e-18
34894.66845213117,-0.05400885861466184,0.0,-9.232962950534429e-18
34909.54890776108,-0.04814695916556898,0.0,-1.14327558834132e-17
34924.429363390984,-0.042108435098942194,0.0,-1.3590836248695102e-17
34939.30981902089,-0.03591684873832135,0.0,-1.5698261938776772e-17
34954.1902746508,-0.029596318290096103,0.0,-1.774627991617735e-17
34969.070730280706,-0.023171423681813658,0.0,-1.9726362455781213e-17
34983.95118591061,-0.016667110752113887,0.0,-2.163024253060774e-17
34998.83164154052,-0.010108594166589432,0.0,-2.3449948194727786e-17
35013.71209717043,-0.003521259438232883,0.0,-2.5177835820803638e-17
35028.59255280033,0.0030694355658426736,0.0,-2.6806622054156434e-17
35043.473008430235,0.009638059248441539,0.0,-2.8329414350353135e-17
35058.35346406014,0.016159304654019543,0.0,-2.9739739968798765e-17
35073.23391969005,0.022608087206767335,0.0,-3.103157330103555e-17
35088.11437531996,0.028959641436586032,0.0,-3.2199361418960616e-17
35102.994830949865,0.03518961631911573,0.0,-3.3238047735360434e-17
35117.87528657977,0.041274168861869034,0.0,-3.414309367662808e-17
35132.75574220968,0.04719005557592568,0.0,-3.491049827557117e-17
35147.63619783959,0.052914721481403436,0.0,-3.553681560050964e-17
35162.516653469494,0.05842638630504589,0.0,-3.6019169945618277e-17
35177.397109099395,0.06370412753974729,0.0,-3.6355268716484797e-17
35192.2775647293,0.06872796004847193,0.0,-3.6543412954164806e-17
35207.15802035921,0.07347891190899673,0.0,-3.658250545059744e-17
35222.03847598912,0.07793909621102636,0.0,-3.647205641798393e-17
35236.918931619024,0.0820917785333297,0.0,-3.621218668470841e-17
35251.79938724893,0.08592143984583905,0.0,-3.580362840040604e-17
35266.67984287884,0.08941383459981059,0.0,-3.5247723242968894e-17
35281.560298508746,0.09255604378824664,0.0,-3.4546418130447965e-17
35296.44075413865,0.09533652277864596,0.0,-3.370225845103758e-17
35311.32120976856,0.09774514374081811,0.0,-3.2718378834470376e-17
35326.20166539847,0.09977323251380069,0.0,-3.159849149824222e-17
35341.08212102837,0.10141359977774261,0.0,-3.0346872212052136e-17
35355.962576658276,0.10266056641903784,0.0,-2.896834393363472e-17
35370.84303228818,0.10350998299968392,0.0,-2.7468258178771476e-17
35385.72348791809,0.10395924326498832,0.0,-2.585247419761175e-17
35400.603943548,0.104007291646937,0.0,-2.4127336038520864e-17
35415.484399177905,0.1036546247440468,0.0,-2.229964758943604e-17
35430.36485480781,0.10290328678190117,0.0,-2.0376645695098748e-17
35445.24531043772,0.1017568590820308,0.0,-1.836597145657195e-17
35460.12576606763,0.10022044359000215,0.0,-1.6275639827035448e-17
35475.006221697535,0.09830064053660949,0.0,-1.411400762498453e-17
35489.886677327435,0.0960055203287922,0.0,-1.1889740092647656e-17
35504.76713295734,0.09334458978909418,0.0,-9.611776133537434e-18
35519.64758858725,0.09032875288437248,0.0,-7.289292368730388e-18
35534.52804421716,0.08697026610552872,0.0,-4.931666156432157e-18
35549.408499847064,0.0832826886806901,0.0,-2.548437723947085e-18
35564.28895547697,0.0792808278239372,0.0,-1.4927156495527888e-19
35579.16941110688,0.07498067924074127,0.0,2.256082741677952e-18
35594.04986673679,0.07039936312924862,0.0,4.657830132786185e-18
35608.930322366694,0.06555505593373671,0.0,7.046169920668263e-18
35623.8107779966,0.06046691812260491,0.0,9.411335749645383e-18
35638.69123362651,0.05515501827824585,0.0,1.1743635486654489e-17
35653.57168925641,0.04964025380004615,0.0,1.4033490883078283e-17
35668.452144886316,0.043944268534323636,0.0,1.6271476845755028e-17
35683.33260051622,0.03808936765655153,0.0,1.8448360156333606e-17
35698.21305614613,0.03209843014116338,0.0,2.0555137480239936e-17
35713.09351177604,0.025994819163198436,0.0,2.2583072509034266e-17
35727.973967405946,0.019802290783363978,0.0,2.4523732083318667e-17
35742.85442303585,0.013544901274223514,0.0,2.6369021147171976e-17
35757.73487866576,0.007246913449840426,0.0,2.811121638965517e-17
35772.61533429567,0.0009327023644086045,0.0,2.974299843403026e-17
35787.495789925575,-0.005373339252697448,0.0,3.1257482440994584e-17
35802.37624555548,-0.011646895457771228,0.0,3.264824699852481e-17
35817.25670118538,-0.01786382108281172,0.0,3.3909361177624166e-17
35832.13715681529,-0.02400023489060074,0.0,3.503540964061728e-17
35847.0176124452,-0.03003261153447962,0.0,3.60215156962931e-17
35861.898068075105,-0.035937871967929615,0.0,3.6863362204472264e-17
35876.77852370501,-0.0416934719556005,0.0,3.75572102410831e-17
35891.65897933492,-0.04727748834552887,0.0,3.8099915443881156e-17
35906.53943496483,-0.0526687027715952,0.0,3.848894196819316e-17
35921.419890594734,-0.05784668246587104,0.0,3.8722373991719506e-17
35936.30034622464,-0.062791857872382,0.0,3.8798924717288515e-17
35951.18080185455,-0.06748559676674293,0.0,3.871794283255126e-17
35966.06125748445,-0.07191027460034967,0.0,3.8479416395904914e-17
35980.94171311436,-0.07604934080299675,0.0,3.808397412832422e-17
35995.822168744264,-0.07988738079395856,0.0,3.7532884101342847e-17
36010.70262437417,-0.08341017346883814,0.0,3.682804982196371e-17
36025.58308000408,-0.08660474394743264,0.0,3.597200372590052e-17
36040.463535633986,-0.08945941138678119,0.0,3.4967898101089133e-17
36055.34399126389,-0.09196383168307223,0.0,3.381949347391699e-17
36070.2244468938,-0.09410903490635347,0.0,3.25311445009773e-17
36085.10490252371,-0.09588745733278037,0.0,3.11077834193731e-17
36099.985358153615,-0.09729296796037291,0.0,2.9554901118615425e-17
36114.86581378352,-0.09832088941600198,0.0,2.787852590693379e-17
36129.74626941342,-0.0989680131832665,0.0,2.608520005430353e-17
36144.62672504333,-0.09923260910322734,0.0,2.4181954203677452e-17
36159.50718067324,-0.09911442912225712,0.0,2.2176279750725284e-17
36174.387636303145,-0.09861470528380147,0.0,2.0076099300800598e-17
36189.26809193305,-0.09773614198316224,0.0,1.7889735319848163e-17
36204.14854756296,-0.0964829025267844,0.0,1.562587710350787e-17
36219.02900319287,-0.09486059005955053,0.0,1.3293546195701689e-17
36233.909458822774,-0.09287622294540256,0.0,1.0902060394494422e-17
36248.78991445268,-0.09053820470806673,0.0,8.460996489018733e-18
36263.67037008259,-0.08785628865953651,0.0,5.9801518765995674e-18
36278.55082571249,-0.08484153736449238,0.0,3.469505214061697e-18
36293.4312813424,-0.08150627710853305,0.0,9.391762613129156e-19
36308.311736972304,-0.07786404755733013,0.0,-1.6006149210775273e-18
36323.19219260221,-0.0739295468120145,0.0,-4.139589255802308e-18
36338.07264823212,-0.06971857208375948,0.0,-6.66745024740557e-18
36352.953103862026,-0.06524795622700072,0.0,-9.173925727245522e-18
36367.83355949193,-0.06053550038646209,0.0,-1.1648809575594148e-17
36382.71401512184,-0.05559990302771834,0.0,-1.408200325149704e-17
36397.59447075175,-0.05046068563454699,0.0,-1.6463556961519504e-17
36412.474926381656,-0.0451381153687719,0.0,-1.878371029965015e-17
36427.35538201156,-0.03965312499944185,0.0,-2.1032932192577702e-17
36442.23583764146,-0.03402723041827673,0.0,-2.320195998702284e-17
36457.11629327137,-0.028282446066947953,0.0,-2.5281837519109992e-17
36471.99674890128,-0.022441198609353303,0.0,-2.7263952009530997e-17
36486.877204531185,-0.01652623918802564,0.0,-2.9140069632878134e-17
36501.75766016109,-0.010560554608769063,0.0,-3.090236961454811e-17
36516.638115791,-0.004567277800985023,0.0,-3.254347671442147e-17
36531.51857142091,0.0014304020967683961,0.0,-3.4056491962819745e-17
36546.399027050815,0.0074093296756273,0.0,-3.543502152108748e-17
36561.27948268072,0.013346472870084475,0.0,-3.667320354659504e-17
36576.15993831063,0.019219011898787212,0.0,-3.776573294979034e-17
36591.04039394053,0.025004427188195868,0.0,-3.870788393936533e-17
36605.92084957044,0.030680585939509227,0.0,-3.949553026033373e-17
36620.801305200344,0.03622582700525315,0.0,-4.0125163039073875e-17
36635.68176083025,0.04161904374929104,0.0,-4.0593906158903486e-17
36650.56221646016,0.046839764572487744,0.0,-4.089952909968764e-17
36665.44267209007,0.05186823079607917,0.0,-4.104045718510986e-17
36680.323127719974,0.056685471605776146,0.0,-4.1015779191674963e-17
36695.20358334988,0.06127337577167174,0.0,-4.082525228413696e-17
36710.08403897979,0.06561475987223914,0.0,-4.046930425279512e-17
36724.964494609696,0.069693432764901,0.0,-3.9949033039028375e-17
36739.8449502396,0.07349425606085216,0.0,-3.926620354637056e-17
36754.7254058695,0.07700320037787578,0.0,-3.8423241745455005e-17
36769.60586149941,0.08020739716189193,0.0,-3.742322609210296e-17
36784.48631712932,0.08309518588563179,0.0,-3.6269876288773425e-17
36799.366772759226,0.08565615645136175,0.0,-3.496753943037279e-17
36814.24722838913,0.08788118664353356,0.0,-3.35211735861092e-17
36829.12768401904,0.08976247449695027,0.0,-3.193632887952757e-17
36844.00813964895,0.09129356546612952,0.0,-3.02191261390938e-17
36858.888595278855,0.0924693743020078,0.0,-2.837623320165454e-17
36873.76905090876,0.09328620156303538,0.0,-2.64148389607367e-17
36888.64950653867,0.09374174470870565,0.0,-2.4342625260914715e-17
36903.52996216857,0.09383510374486655,0.0,-2.216773674837742e-17
36918.41041779848,0.09356678141136555,0.0,-1.989874879624507e-17
36933.290873428385,0.09293867792396308,0.0,-1.7544633631218614e-17
36948.17132905829,0.09195408030355193,0.0,-1.5114724795556103e-17
36963.0517846882,0.0906176463468146,0.0,-1.2618680085390106e-17
36977.93224031811,0.0889353833131416,0.0,-1.0066443112753007e-17
36992.812695948014,0.08691462142307069,0.0,-7.468203644477097e-18
37007.69315157792,0.08456398228354732,0.0,-4.834356876364407e-18
37022.57360720783,0.08189334237471603,0.0,-2.1754618055299686e-18
37037.454062837736,0.07891379175199353,0.0,4.978011322123929e-19
37052.334518467644,0.07563758813535351,0.0,3.1746729898778282e-18
37067.214974097544,0.07207810657543384,0.0,5.844359629084931e-18
37082.09542972745,0.06824978490274973,0.0,8.496075257627055e-18
37096.97588535736,0.06416806518238914,0.0,1.1119086009137738e-17
37111.856340987266,0.05984933141144665,0.0,1.3702753388813118e-17
37126.73679661717,0.05531084371067875,0.0,1.6236577409309185e-17
37141.61725224708,0.05057066927484398,0.0,1.87102392419745e-17
37156.49770787699,0.045647610358201994,0.0,2.1113643210254068e-17
37171.378163506895,0.04056112958259079,0.0,2.3436957954443352e-17
37186.2586191368,0.03533127286516874,0.0,2.5670656600123644e-17
37201.13907476671,0.02997859027155987,0.0,2.7805555766293414e-17
37216.01953039661,0.02452405510740059,0.0,2.983285325372148e-17
37230.89998602652,0.018988981567461285,0.0,3.1744164259056695e-17
37245.780441656425,0.01339494126634231,0.0,3.353155596600609e-17
37260.66089728633,0.007763678978295378,0.0,3.518758037117978e-17
37275.54135291624,0.002117027916027081,0.0,3.6705305209118975e-17
37290.42180854615,-0.003523175120685937,0.0,3.807834284851555e-17
37305.302264176054,-0.009135174396021545,0.0,3.93008770395781e-17
37320.18271980596,-0.014697379359871757,0.0,4.0367687401056265e-17
37335.06317543587,-0.02018844791426411,0.0,4.127417154432335e-17
37349.94363106578,-0.025587368502548436,0.0,4.201636474137098e-17
37364.824086695684,-0.030873540704818864,0.0,4.259095705327824e-17
37379.704542325584,-0.03602685402968563,0.0,4.299530784590389e-17
37394.58499795549,-0.041027764600316055,0.0,4.322745762993177e-17
37409.4654535854,-0.04585736944158975,0.0,4.3286137173157796e-17
37424.345909215306,-0.05049747808538586,0.0,4.3170773843800994e-17
37439.22636484521,-0.05493068122214523,0.0,4.288149515475145e-17
37454.10682047512,-0.05914041613905602,0.0,4.2419129489932446e-17
37468.98727610503,-0.063111028698434,0.0,4.178520400527478e-17
37483.867731734936,-0.0668278316239699,0.0,4.098193970822191e-17
37498.74818736484,-0.07027715887753985,0.0,4.001224373105232e-17
37513.62864299475,-0.07344641592503612,0.0,3.887969882468026e-17
37528.50909862465,-0.07632412570628294,0.0,3.7588550110834027e-17
37543.38955425456,-0.07889997014130112,0.0,3.614368914164034e-17
37558.270009884465,-0.08116482702305812,0.0,3.4550635326589633e-17
37573.15046551437,-0.08311080216520522,0.0,3.281551479755485e-17
37588.03092114428,-0.08473125669217293,0.0,3.094503679300083e-17
37602.91137677419,-0.0860208293782602,0.0,2.8946467652635916e-17
37617.791832404095,-0.08697545396185602,0.0,2.6827602523544327e-17
37632.672288034,-0.08759237138081488,0.0,2.4596734888229914e-17
37647.55274366391,-0.08787013689488313,0.0,2.226262403393398e-17
37662.43319929382,-0.0878086220812054,0.0,1.9834460591102932e-17
37677.313654923724,-0.08740901170887971,0.0,1.7321830276831978e-17
37692.194110553624,-0.08667379551860044,0.0,1.4734675986593354e-17
37707.07456618353,-0.08560675495316705,0.0,1.2083258384379359e-17
37721.95502181344,-0.08421294490426086,0.0,9.378115147749207e-18
37736.83547744335,-0.08249867056015522,0.0,6.6300190298502325e-18
37751.715933073254,-0.08047145945789416,0.0,3.849934905541924e-18
37766.59638870316,-0.07814002886198165,0.0,1.0489759731056892e-18
37781.47684433307,-0.07551424860942954,0.0,-1.7616407133583135e-18
37796.357299962976,-0.07260509957844766,0.0,-4.5706392027253e-18
37811.23775559288,-0.06942462795460037,0.0,-7.366729916527508e-18
37826.11821122279,-0.06598589548429597,0.0,-1.0138655047627014e-17
37840.99866685269,-0.06230292592050728,0.0,-1.2875233905260783e-17
37855.8791224826,-0.05839064788002957,0.0,-1.556540802371778e-17
37870.759578112506,-0.054264834344910626,0.0,-1.819828585263505e-17
37885.64003374241,-0.049942039053184874,0.0,-2.0763186848289428e-17
37900.52048937232,-0.045439530035508574,0.0,-2.3249684787404873e-17
37915.40094500223,-0.040775220564692224,0.0,-2.5647650127888154e-17
37930.281400632135,-0.03596759779454536,0.0,-2.7947291244430825e-17
37945.16185626204,-0.031035649372618206,0.0,-3.013919437126355e-17
37960.04231189195,-0.025998788318628358,0.0,-3.22143620892292e-17
37974.92276752186,-0.020876776466222453,0.0,-3.416425020004054e-17
37989.803223151765,-0.015689646770576736,0.0,-3.598080283677322e-17
38004.683678781665,-0.010457624787844788,0.0,-3.765648566660032e-17
38019.56413441157,-0.00520104963487672,0.0,-3.918431704918314e-17
38034.44459004148,5.970526122353603e-05,0.0,-4.055789702218503e-17
38049.32504567139,0.005304311314247384,0.0,-4.177143399396443e-17
38064.205501301294,0.010512563522464359,0.0,-4.281976903249148e-17
38079.0859569312,0.015664458498932513,0.0,-4.369839764912011e-17
38093.96641256111,0.02074027148643941,0.0,-4.440348898571454e-17
38108.846868191016,0.025720632059843193,0.0,-4.493190232401161e-17
38123.72732382092,0.0305865982245528,0.0,-4.52812008466994e-17
38138.60777945083,0.035319728627021624,0.0,-4.544966259070376e-17
38153.48823508073,0.03990215260131729,0.0,-4.5436288544337393e-17
38168.36869071064,0.044316637785102,0.0,-4.52408078514368e-17
38183.249146340546,0.048546655048594387,0.0,-4.486368009716146e-17
38198.12960197045,0.05257644049144016,0.0,-4.430609466185217e-17
38213.01005760036,0.056391054274470255,0.0,-4.3569967141128006e-17
38227.89051323027,0.05997643606647871,0.0,-4.2657932842182046e-17
38242.770968860175,0.06331945689998494,0.0,-4.157333737803282e-17
38257.65142449008,0.06640796724463212,0.0,-4.032022439317423e-17
38272.53188011999,0.06923084112217218,0.0,-3.890332046567081e-17
38287.4123357499,0.07177801610303748,0.0,-3.732801724215663e-17
38302.292791379805,0.07404052904106728,0.0,-3.560035087339853e-17
38317.173247009705,0.07601054742001834,0.0,-3.37269788290622e-17
38332.05370263961,0.07768139620306641,0.0,-3.1715154180933424e-17
38346.93415826952,0.07904758009437486,0.0,-2.957269745420109e-17
38361.81461389943,0.08010480114008278,0.0,-2.730796615627738e-17
38376.695069529334,0.08084997161441046,0.0,-2.4929822102162035e-17
38391.57552515924,0.0812812221552913,0.0,-2.2447596664377545e-17
38406.45598078915,0.08139790513252279,0.0,-1.987105408400648e-17
38421.33643641906,0.08120059325022637,0.0,-1.7210352987383244e-17
38436.216892048964,0.0806910734039213,0.0,-1.4476006260372733e-17
38451.09734767887,0.07987233583112682,0.0,-1.167883943902678e-17
38465.97780330878,0.07874855861261003,0.0,-8.829947781541558e-18
38480.85825893868,0.07732508759945703,0.0,-5.940652192038561e-18
38495.738714568586,0.07560841185875282,0.0,-3.0224541714657494e-18
38510.61917019849,0.0736061347479553,0.0,-8.698997516145086e-20
38525.4996258284,0.07132694074475995,0.0,2.854015840023779e-18
38540.38008145831,0.06878055817544441,0.0,5.788797293393348e-18
38555.260537088216,0.06597771800035238,0.0,8.705594095232508e-18
38570.14099271812,0.06293010882999452,0.0,1.159269881000806e-17
38585.02144834803,0.05965032835955845,0.0,1.4438503878624148e-17
38599.90190397794,0.0561518314229163,0.0,1.723154831079353e-17
38614.782359607845,0.05244887487992679,0.0,1.9960563859573734e-17
38629.662815237745,0.04855645956242613,0.0,2.2614520492010237e-17
38644.54327086765,0.04449026951517081,0.0,2.5182670972338544e-17
38659.42372649756,0.040266608777804545,0.0,2.7654594377527022e-17
38674.30418212747,0.035902335962690414,0.0,3.002023836902172e-17
38689.184637757375,0.03141479689136539,0.0,3.2269960049223034e-17
38704.06509338728,0.02682175555900397,0.0,3.439456523676451e-17
38718.94554901719,0.022141323702048868,0.0,3.638534600070142e-17
38733.8260046471,0.017391889248646167,0.0,3.823411630056478e-17
38748.706460277004,0.012592043935062414,0.0,3.993324558655702e-17
38763.58691590691,0.007760510373525903,0.0,4.147569022222966e-17
38778.46737153682,0.002916068858217706,0.0,4.285502260046737e-17
38793.34782716672,-0.00192251580387294,0.0,4.406545783274612e-17
38808.22828279663,-0.006736567151473374,0.0,4.5101877901167827e-17
38823.108738426534,-0.0115075693333756,0.0,4.595985317282247e-17
38837.98919405644,-0.01621723849836454,0.0,4.663566118649981e-17
38852.86964968635,-0.02084759303476663,0.0,4.71263026325471e-17
38867.750105316256,-0.025381022389144563,0.0,4.7429514457886665e-17
38882.63056094616,-0.029800354200098942,0.0,4.7543780039599204e-17
38897.51101657607,-0.03408891949068539,0.0,4.74683363822007e-17
38912.39147220598,-0.038230615671339396,0.0,4.720317830560087e-17
38927.271927835885,-0.042209967114708744,0.0,4.6749059602775203e-17
38942.152383465786,-0.0460121830740412,0.0,4.610749115829876e-17
38957.03283909569,-0.049623212728043195,0.0,4.528073603107531e-17
38971.9132947256,-0.05302979714701237,0.0,4.4271801516784517e-17
38986.79375035551,-0.05621951798794685,0.0,4.30844282176893e-17
39001.674205985415,-0.059180842739697564,0.0,4.172307615950114e-17
39016.55466161532,-0.06190316635345794,0.0,4.0192908006883906e-17
39031.43511724523,-0.06437684910854086,0.0,3.8499769440890884e-17
39046.31557287514,-0.06659325057873257,0.0,3.665016677309258e-17
39061.196028505045,-0.06854475958024508,0.0,3.465124188231716e-17
39076.07648413495,-0.07022481999843677,0.0,3.251074457080561e-17
39090.95693976486,-0.07162795240701084,0.0,3.023700244701805e-17
39105.83739539476,-0.07274977141019448,0.0,2.7838888452426915e-17
39120.71785102467,-0.07358699865541694,0.0,2.5325786159178716e-17
39135.598306654574,-0.07413747148114314,0.0,2.270755297467811e-17
39150.47876228448,-0.07440014718180893,0.0,1.99944813976424e-17
39165.35921791439,-0.07437510288898694,0.0,1.7197258478217636e-17
39180.239673544296,-0.0740635310852028,0.0,1.4326923642141682e-17
39195.1201291742,-0.07346773078377178,0.0,1.1394825045674725e-17
39210.00058480411,-0.07259109442502568,0.0,8.412574634166725e-18
39224.88104043402,-0.07143809055583417,0.0,5.392002082489756e-18
39239.761496063926,-0.07001424237568107,0.0,2.3451078003446535e-18
39254.641951693826,-0.0683261022484247,0.0,-7.159848106409018e-19
39269.52240732373,-0.0663812222943862,0.0,-3.779077657810866e-18
39284.40286295364,-0.06418812119236483,0.0,-6.831946623699919e-18
39299.28331858355,-0.06175624733551849,0.0,-9.862390403230456e-18
39314.163774213455,-0.05909593849894626,0.0,-1.285827931653017e-17
39329.04422984336,-0.056218378189792056,0.0,-1.580760390195269e-17
39343.92468547327,-0.05313554886320809,0.0,-1.8698523094436054e-17
39358.80514110318,-0.049860182199017,0.0,-2.1519411795822383e-17
39373.685596733085,-0.046405706644854,0.0,-2.4258907645880742e-17
39388.56605236299,-0.04278619244142523,0.0,-2.6905956805811725e-17
39403.4465079929,-0.039016294354704675,0.0,-2.944985856965315e-17
39418.3269636228,-0.03511119234796273,0.0,-3.1880308623545393e-17
39433.20741925271,-0.031086530433814458,0.0,-3.418744077794481e-17
39448.087874882614,-0.026958353952698473,0.0,-3.6361867003789774e-17
39462.96833051252,-0.022743045529397793,0.0,-3.839471561024243e-17
39477.84878614243,-0.01845725996356761,0.0,-4.027766740879301e-17
39492.72924177234,-0.014117858313327784,0.0,-4.2002989716465243e-17
39507.609697402244,-0.009741841433283306,0.0,-4.35635680592615e-17
39522.49015303215,-0.0053462832293785165,0.0,-4.495293544608368e-17
39537.37060866206,-0.0009482638932016285,0.0,-4.616529909287515e-17
39552.251064291966,0.003435196622669029,0.0,-4.719556448684167e-17
39567.131519921866,0.00778720462852827,0.0,-4.803935669107469e-17
39582.01197555177,0.012091057963950616,0.0,-4.869303880087005e-17
39596.89243118168,0.016330310253914043,0.0,-4.915372747428453e-17
39611.77288681159,0.0204888339069031,0.0,-4.941930547112066e-17
39626.653342441496,0.024550881613041635,0.0,-4.948843114641618e-17
39641.5337980714,0.028501146107197107,0.0,-4.9360544856622684e-17
39656.41425370131,0.032324817969761485,0.0,-4.9035872248983747e-17
39671.29470933122,0.03600764124634677,0.0,-4.851542441704585e-17
39686.175164961125,0.03953596667714544,0.0,-4.7800994917763896e-17
39701.05562059103,0.042896802336868184,0.0,-4.6895153658210233e-17
39715.93607622094,0.046077861497199064,0.0,-4.580123767243129e-17
39730.81653185084,0.04906760753530937,0.0,-4.4523338821471584e-17
39745.69698748075,0.051855295724365216,0.0,-4.30662884619205e-17
39760.577443110655,0.054431011754800265,0.0,-4.1435639140537933e-17
39775.45789874056,0.05678570684869901,0.0,-3.963764338445695e-17
39790.33835437047,0.05891122934346485,0.0,-3.767922966818488e-17
39805.21881000038,0.06080035263543937,0.0,-3.556797565000797e-17
39820.099265630284,0.06244679938886223,0.0,-3.331207878141753e-17
39834.97972126019,0.0638452619306337,0.0,-3.092032440384425e-17
39849.8601768901,0.06499141876669043,0.0,-2.840205145712441e-17
39864.740632520006,0.06588194717133614,0.0,-2.576711593386801e-17
39879.62108814991,0.0665145318165161,0.0,-2.3025852223020628e-17
39894.501543779814,0.0668878694237463,0.0,-2.0189032494563152e-17
39909.38199940972,0.06700166943715702,0.0,-1.7267824285292496e-17
39924.26245503963,0.06685665073174699,0.0,-1.427374645296882e-17
39939.142910669536,0.06645453438657414,0.0,-1.1218623672899897e-17
39954.02336629944,0.0657980325678676,0.0,-8.11453965699648e-18
39968.90382192935,0.06489083358230478,0.0,-4.973789280707805e-18
39983.78427755926,0.06373758317543882,0.0,-1.8088298077609483e-18
39998.664733189165,0.06234386216480019,0.0,1.3677685934706963e-18
40013.54518881907,0.060716160511210954,0.0,4.543372845170465e-18
40028.42564444898,0.058861847945502005,0.0,7.705337267712526e-18
40043.30610007888,0.05678914128088035,0.0,1.0841053999155515e-17
40058.18655570879,0.054507068553660956,0.0,1.393800332535126e-17
40073.067011338695,0.0520254301470822,0.0,1.6983803719488265e-17
40087.9474669686,0.04935475706402567,0.0,1.9966261390938237e-17
40102.82792259851,0.046506266525113804,0.0,2.287341914487914e-17
40117.70837822842,0.04349181507834645,0.0,2.569360435681198e-17
40132.588833858325,0.04032384941554788,0.0,2.841547586931402e-17
40147.46928948823,0.03701535509900207,0.0,3.10280696225429e-17
40162.34974511814,0.03357980340911207,0.0,3.3520842834776245e-17
40177.23020074805,0.03003109653032747,0.0,3.588371655493672e-17
40192.11065637795,0.026383511298280322,0.0,3.810711641529166e-17
40206.991112007854,0.022651641735707675,0.0,4.018201141956469e-17
40221.87156763776,0.018850340608564435,0.0,4.2099950609340894e-17
40236.75202326767,0.014994660236573781,0.0,4.3853097459949615e-17
40251.632478897576,0.011099792794347751,0.0,4.5434261865935066e-17
40266.51293452748,0.007181010340245007,0.0,4.6836929585663775e-17
40281.39339015739,0.0032536048100738277,0.0,4.805528902467284e-17
40296.2738457873,-0.0006671717880745304,0.0,4.908425524781083e-17
40311.154301417206,-0.004566166743513546,0.0,4.9919491121219245e-17
40326.03475704711,-0.00842838534549157,0.0,5.055742549651748e-17
40340.91521267702,-0.012239048690646341,0.0,5.099526836130938e-17
40355.79566830692,-0.01598365037194622,0.0,5.1231022892132855e-17
40370.67612393683,-0.019648011831179313,0.0,5.126349435829214e-17
40385.556579566735,-0.023218336163232087,0.0,5.1092295837536e-17
40400.43703519664,-0.026681260167550194,0.0,5.0717850717219504e-17
40415.31749082655,-0.030023904449999344,0.0,5.0141391967408413e-17
40430.19794645646,-0.033233921386918566,0.0,4.936495818525542e-17
40445.078402086365,-0.0362995407725205,0.0,4.839138642286935e-17
40459.95885771627,-0.039209612980722806,0.0,4.72243018237557e-17
40474.83931334618,-0.041953649483143896,0.0,4.586810410566859e-17
40489.71976897609,-0.04452186057612588,0.0,4.432795094035812e-17
40504.60022460599,-0.046905190181407146,0.0,4.260973829312972e-17
40519.480680235894,-0.04909534759727007,0.0,4.072007779732312e-17
40534.3611358658,-0.051084836089573815,0.0,3.8666271250775673e-17
40549.24159149571,-0.052866978225167956,0.0,3.645628233285221e-17
40564.12204712562,-0.05443593786347789,0.0,3.4098705651885755e-17
40579.002502755524,-0.05578673873570094,0.0,3.1602733243584935e-17
40593.88295838543,-0.056915279554868595,0.0,2.8978118651318836e-17
40608.76341401534,-0.0578183456140371,0.0,2.6235138728921577e-17
40623.643869645246,-0.05849361684398678,0.0,2.3384553315948796e-17
40638.52432527515,-0.05893967231594555,0.0,2.043756294390549e-17
40653.40478090506,-0.05915599118900084,0.0,1.7405764740043227e-17
40668.28523653496,-0.05914295011595524,0.0,1.4301106702651134e-17
40683.16569216487,-0.05890181713533513,0.0,1.1135840528427561e-17
40698.046147794776,-0.058434742091055265,0.0,7.922473178557765e-18
40712.92660342468,-0.05774474363477552,0.0,4.6737173752251526e-18
40727.80705905459,-0.05683569287930839,0.0,1.4024412248708033e-18
40742.6875146845,-0.05571229378432023,0.0,-1.8783828319098355e-18
40757.567970314405,-0.054380060368176275,0.0,-5.1557295409632885e-18
40772.44842594431,-0.05284529085185135,0.0,-8.416572620802214e-18
40787.32888157422,-0.05111503885252749,0.0,-1.1647936608253623e-17
40802.20933720413,-0.0491970817555961,0.0,-1.4836948556932862e-17
40817.08979283403,-0.04709988640430102,0.0,-1.7970889382316928e-17
40831.970248463935,-0.044832572256294626,0.0,-2.1037244648370504e-17
40846.85070409384,-0.04240487216560728,0.0,-2.4023754592739808e-17
40861.73115972375,-0.03982709095721826,0.0,-2.6918463190334312e-17
40876.61161535366,-0.03711006196929349,0.0,-2.970976605878925e-17
40891.492070983564,-0.034265101745414014,0.0,-3.2386457013676796e-17
40906.37252661347,-0.03130396306546271,0.0,-3.493777308659988e-17
40921.25298224338,-0.02823878650957075,0.0,-3.7353437825174434e-17
40936.133437873286,-0.02508205075428325,0.0,-3.962370270065668e-17
40951.013893503194,-0.021846521804208242,0.0,-4.173938645628525e-17
40965.8943491331,-0.01854520136555643,0.0,-4.3691912237498296e-17
40980.774804763,-0.015191274570341244,0.0,-4.547334235387423e-17
40995.65526039291,-0.011798057261558643,0.0,-4.707641053191753e-17
41010.535716022816,-0.00837894305028447,0.0,-4.849455152771453e-17
41025.41617165272,-0.0049473503554850265,0.0,-4.972192797886054e-17
41040.29662728263,-0.0015166696362845372,0.0,-5.075345438597434e-17
41055.17708291254,0.001899788975369042,0.0,-5.158481812542655e-17
41070.057538542445,0.0052888474364403,0.0,-5.221249740668697e-17
41084.93799417235,0.008637510747142682,0.0,-5.2633776099760075e-17
41099.81844980226,0.011933016900407559,0.0,-5.284675537061844e-17
41114.69890543217,0.01516288563401584,0.0,-5.285036207517766e-17
41129.579361062075,0.018314965798697104,0.0,-5.264435387525896e-17
41144.459816691975,0.021377481162019332,0.0,-5.222932105300429e-17
41159.34027232188,0.024339074475044714,0.0,-5.160668501334581e-17
41174.22072795179,0.027188849636581802,0.0,-5.077869347733079e-17
41189.1011835817,0.029916411798310685,0.0,-4.9748412382289655e-17
41203.981639211604,0.03251190526309939,0.0,-4.851971451797483e-17
41218.86209484151,0.03496604903840576,0.0,-4.70972649408396e-17
41233.74255047142,0.03727016991676892,0.0,-4.548650322149097e-17
41248.62300610133,0.03941623296589872,0.0,-4.3693622593041326e-17
41263.503461731234,0.041396869321868604,0.0,-4.1725546080481516e-17
41278.38391736114,0.04320540119024241,0.0,-3.9589899703294585e-17
41293.26437299104,0.04483586397159471,0.0,-3.729498285530565e-17
41308.14482862095,0.04628302543983468,0.0,-3.484973597705618e-17
41323.025284250856,0.04754240191387656,0.0,-3.2263705646949633e-17
41337.90573988076,0.048610271375545605,0.0,-2.954700722772667e-17
41352.78619551067,0.04948368349902506,0.0,-2.671028521478415e-17
41367.66665114058,0.05016046656968329,0.0,-2.3764671442055417e-17
41382.547106770486,0.05063923128267966,0.0,-2.0721741309912246e-17
41397.42756240039,0.05091937142423565,0.0,-1.7593468207508525e-17
41412.3080180303,0.05100106145090273,0.0,-1.439217630939404e-17
41427.18847366021,0.05088525099447086,0.0,-1.1130491932818881e-17
41442.068929290115,0.0505736563322843,0.0,-7.82129364804229e-18
41456.949384920015,0.05006874887464693,0.0,-4.4776613391458935e-18
41471.82984054992,0.04937374073260069,0.0,-1.1128244171177069e-18
41486.71029617983,0.048492567440734484,0.0,2.2598906093629973e-18
41501.59075180974,0.04742986792056823,0.0,5.627112997410151e-18
41516.471207439645,0.046190961780665306,0.0,8.975480857606679e-18
41531.35166306955,0.04478182405967753,0.0,1.229169425483944e-17
41546.23211869946,0.043209057528206474,0.0,1.556256811094194e-17
41561.11257432937,0.04147986267444552,0.0,1.87750846984548e-17
41575.993029959274,0.03960200550707919,0.0,2.1916445516254143e-17
41590.87348558918,0.03758378331697662,0.0,2.4974122340048935e-17
41605.75394121908,0.035433988546472124,0.0,2.7935907243924775e-17
41620.63439684899,0.03316187092181573,0.0,3.0789961392966505e-17
41635.5148524789,0.030777098010372702,0.0,3.3524862411773926e-17
41650.395308108804,0.028289714369565653,0.0,3.612965013915965e-17
41665.27576373871,0.025710099459164616,0.0,3.859387058561709e-17
41680.15621936862,0.023048924492538057,0.0,4.090761791710328e-17
41695.036674998526,0.020317108405622314,0.0,4.306157429645767e-17
41709.91713062843,0.017525773124919243,0.0,4.5047047422108775e-17
41724.79758625834,0.01468619831750919,0.0,4.6856005612795037e-17
41739.67804188825,0.011809775807062689,0.0,4.848111029667073e-17
41754.558497518155,0.008907963840109431,0.0,4.991574577335608e-17
41769.438953148056,0.005992241386247696,0.0,5.115404612828734e-17
41784.31940877796,0.0030740626548009936,0.0,5.2190919189916195e-17
41799.19986440787,0.00016481200840592208,0.0,5.302206743202667e-17
41814.08032003778,-0.0027242405486532784,0.0,5.364400573549791e-17
41828.960775667685,-0.0055819831329671984,0.0,5.4054075936289885e-17
41843.84123129759,-0.008397504825021489,0.0,5.4250458099146086e-17
41858.7216869275,-0.01116013742714863,0.0,5.423217846951465e-17
41873.60214255741,-0.013859495976204256,0.0,5.399911406934792e-17
41888.482598187315,-0.016485517856758267,0.0,5.355199391579443e-17
41903.36305381722,-0.01902850036720498,0.0,5.2892396855208196e-17
41918.24350944712,-0.02147913659831399,0.0,5.202274601837029e-17
41933.12396507703,-0.023828549491463687,0.0,5.0946299916262515e-17
41948.00442070694,-0.026068323951896434,0.0,4.966714020913625e-17
41962.884876336844,-0.028190536901036543,0.0,4.819015619485492e-17
41977.76533196675,-0.030187785160887905,0.0,4.6521026075610824e-17
41992.64578759666,-0.03205321107299479,0.0,4.4666195074952246e-17
42007.526243226566,-0.03378052576416756,0.0,4.263285048967386e-17
42022.406698856474,-0.03536402998126099,0.0,4.0428893773366757e-17
42037.28715448638,-0.03679863242759743,0.0,3.8062909760302126e-17
42052.16761011629,-0.03807986554413256,0.0,3.5544133149816075e-17
42067.048065746196,-0.03920389868915874,0.0,3.2882412382306564e-17
42081.928521376096,-0.04016754868116063,0.0,3.0088171048481817e-17
42096.808977006,-0.040968287680313964,0.0,2.7172366983354537e-17
42111.68943263591,-0.04160424839503424,0.0,2.4146449205890532e-17
42126.56988826582,-0.04207422661089651,0.0,2.1022312873798237e-17
42141.450343895725,-0.042377681050111346,0.0,1.7812252431078472e-17
42156.33079952563,-0.0425147305804705,0.0,1.4528913133177795e-17
42171.21125515554,-0.0424861488032953,0.0,1.1185241141254344e-17
42186.09171078545,-0.0422933560603435,0.0,7.794432382850251e-18
42200.972166415355,-0.04193840890981833,0.0,4.369880381312055e-18
42215.85262204526,-0.041423987131560126,0.0,9.25123260599899e-19
42230.73307767516,-0.04075337833108711,0.0,-2.5262098645213742e-18
42245.61353330507,-0.039930460221480696,0.0,-5.970452900248824e-18
42260.49398893498,-0.03895968067094614,0.0,-9.39395697310762e-18
42275.374444564884,-0.0378460356124031,0.0,-1.27831446016264e-17
42290.25490019479,-0.036595044919447046,0.0,-1.612456362502349e-17
42305.1353558247,-0.03521272636062747,0.0,-1.940494067437634e-17
42320.01581145461,-0.03370556775101523,0.0,-2.261123397345646e-17
42334.896267084514,-0.03208049742650784,0.0,-2.573068525892065e-17
42349.77672271442,-0.030344853172378283,0.0,-2.875087061287298e-17
42364.65717834433,-0.028506349742862272,0.0,-3.1659750005059484e-17
42379.537633974236,-0.026573045113450825,0.0,-3.444571534686981e-17
42394.418089604136,-0.024553305611668734,0.0,-3.709763686518356e-17
42409.29854523404,-0.022455770075748643,0.0,-3.9604907610579646e-17
42424.17900086395,-0.02028931319347401,0.0,-4.19574859217703e-17
42439.05945649386,-0.01806300817578925,0.0,-4.414593567609624e-17
42453.939912123766,-0.0157860889213672,0.0,-4.616146416463608e-17
42468.82036775367,-0.013467911829359483,0.0,-4.799595743978783e-17
42483.70082338358,-0.011117917417837055,0.0,-4.964201299315483e-17
42498.58127901349,-0.008745591905125694,0.0,-5.109296963208816e-17
42513.461734643395,-0.006360428910310627,0.0,-5.2342934434262435e-17
42528.3421902733,-0.003971891427530967,0.0,-5.3386806671241227e-17
42543.2226459032,-0.0015893742265311733,0.0,-5.4220298603924535e-17
42558.10310153311,0.0007778331709645606,0.0,-5.483995306518633e-17
42572.98355716302,0.0031205827928358007,0.0,-5.524315775768593e-17
42587.864012792925,0.005429903653989709,0.0,-5.54281562078915e-17
42602.74446842283,0.007697036191976245,0.0,-5.539405533057317e-17
42617.62492405274,0.00991346556831265,0.0,-5.5140829571496654e-17
42632.50537968265,0.012070953708619055,0.0,-5.466932160960852e-17
42647.385835312554,0.014161569960755786,0.0,-5.398123961368778e-17
42662.26629094246,0.016177720256723573,0.0,-5.3079151062118795e-17
42677.14674657237,0.018112174671045332,0.0,-5.196647314811632e-17
42692.02720220228,0.019958093275745888,0.0,-5.064745980631041e-17
42706.90765783218,0.021709050199747643,0.0,-4.9127185410067966e-17
42721.788113462084,0.023359055808593467,0.0,-4.741152520216551e-17
42736.66856909199,0.02490257692873193,0.0,-4.550713253448965e-17
42751.5490247219,0.026334555049248257,0.0,-4.3421413005117045e-17
42766.429480351806,0.027650422442700336,0.0,-4.116249559356831e-17
42781.30993598171,0.028846116155764705,0.0,-3.8739200906986155e-17
42796.19039161162,0.029918089829534558,0.0,-3.616100666153703e-17
42811.07084724153,0.03086332331855273,0.0,-3.343801053443398e-17
42825.951302871435,0.031679330086975765,0.0,-3.0580890532456954e-17
42840.83175850134,0.03236416236962208,0.0,-2.7600863032860115e-17
42855.71221413124,0.03291641409495432,0.0,-2.4509638661838637e-17
42870.59266976115,0.03333522157633146,0.0,-2.1319376184476506e-17
42885.47312539106,0.03362026198701506,0.0,-1.804263458805887e-17
42900.353581020965,0.03377174964350989,0.0,-1.4692323547940788e-17
42915.23403665087,0.03379043013064622,0.0,-1.1281652471676014e-17
42930.11449228078,0.03367757231051636,0.0,-7.824078322914797e-18
42944.99494791069,0.03343495826581248,0.0,-4.333252431506209e-18
42959.875403540595,0.03306487123627709,0.0,-8.229665003831641e-19
42974.7558591705,0.03257008161485423,0.0,2.6929019768275887e-18
42989.63631480041,0.03195383107762545,0.0,6.2004446711459514e-18
43004.51677043032,0.031219814928840146,0.0,9.685777528515759e-18
43019.39722606022,0.030372162749061193,0.0,1.3135095816353302e-17
43034.277681690124,0.02941541744085755,0.0,1.6534728887753886e-17
43049.15813732003,0.028354512772336818,0.0,1.9871194445798526e-17
43064.03859294994,0.027194749524343833,0.0,2.313125209225479e-17
43078.919048579846,0.025941770352039453,0.0,2.6301955947670466e-17
43093.799504209754,0.024601533476085614,0.0,2.937070613347518e-17
43108.67995983966,0.023180285322642068,0.0,3.232529891105298e-17
43123.56041546957,0.021684532234747533,0.0,3.5153975278047684e-17
43138.440871099476,0.020121011380607907,0.0,3.784546782810449e-17
43153.32132672938,0.018496660986591244,0.0,4.0389045687126557e-17
43168.20178235928,0.016818590024584627,0.0,4.2774557346591645e-17
43183.08223798919,0.015094047484518043,0.0,4.499247122281196e-17
43197.9626936191,0.013330391363608307,0.0,4.70339137798727e-17
43212.843149249005,0.011535057503897349,0.0,4.8890705063680976e-17
43227.72360487891,0.009715528409303377,0.0,5.055539150467047e-17
43242.60406050882,0.007879302172339633,0.0,5.202127585753732e-17
43257.48451613873,0.00603386163914206,0.0,5.328244415767845e-17
43272.364971768635,0.004186643939402185,0.0,5.4333789585769245e-17
43287.24542739854,0.0023450105051663686,0.0,5.5171033144180146e-17
43302.12588302845,0.0005162176994251838,0.0,5.579074106150891e-17
43317.00633865836,-0.001292611828210527,0.0,5.619033885449286e-17
43331.88679428826,-0.0030745169454525767,0.0,5.636812198977772e-17
43346.767249918164,-0.0048227248921487095,0.0,5.632326310151877e-17
43361.64770554807,-0.006530677082080917,0.0,5.605581573442963e-17
43376.52816117798,-0.00819205375324801,0.0,5.556671459569437e-17
43391.40861680789,-0.009800797373797437,0.0,5.4857772312999715e-17
43406.289072437794,-0.011351134716828588,0.0,5.393167270983459e-17
43421.1695280677,-0.012837597523676629,0.0,5.279196062302695e-17
43436.04998369761,-0.014255041681940736,0.0,5.1443028301244703e-17
43450.930439327516,-0.015598664851464217,0.0,4.989009843676665e-17
43465.81089495742,-0.01686402247861691,0.0,4.813920389624754e-17
43480.69135058732,-0.01804704214659015,0.0,4.619716422931543e-17
43495.57180621723,-0.019144036216981297,0.0,4.407155904668779e-17
43510.45226184714,-0.020151712725512978,0.0,4.1770698371966726e-17
43525.332717477046,-0.021067184502591506,0.0,3.9303590083323334e-17
43540.21317310695,-0.021887976497148243,0.0,3.6679904572913464e-17
43555.09362873686,-0.022612031290104823,0.0,3.3909936762939083e-17
43569.97408436677,-0.023237712791632212,0.0,3.100456562787587e-17
43584.854539996675,-0.023763808124178307,0.0,2.797521138229768e-17
43599.73499562658,-0.024189527701008868,0.0,2.4833790503130866e-17
43614.61545125649,-0.02451450351761209,0.0,2.1592668763776522e-17
43629.4959068864,-0.0247387856808453,0.0,1.8264612465584074e-17
43644.3763625163,-0.024862837207998076,0.0,1.4862738059324547e-17
43659.256818146205,-0.0248875271351786,0.0,1.1400460355841344e-17
43674.13727377611,-0.024814121981200997,0.0,7.891439530720486e-18
43689.01772940602,-0.024644275619959,0.0,4.349527132689001e-18
43703.89818503593,-0.02438001762054475,0.0,7.887113095215303e-19
43718.778640665834,-0.02402374012048956,0.0,-2.776938531614682e-18
43733.65909629574,-0.023578183303241563,0.0,-6.333327410042954e-18
43748.53955192565,-0.023046419556348122,0.0,-9.866390582973845e-18
43763.42000755556,-0.02243183639188264,0.0,-1.3362149261025026e-17
43778.300463185464,-0.021738118215209816,0.0,-1.6806766006853272e-17
43793.18091881537,-0.020969227032445324,0.0,-2.0186599596965562e-17
43808.06137444527,-0.02012938219068584,0.0,-2.3488259128905436e-17
43822.94183007518,-0.019223039248515476,0.0,-2.6698657158861816e-17
43837.822285705086,-0.01825486807709608,0.0,-2.9805061658514294e-17
43852.70274133499,-0.017229730294618235,0.0,-3.279514658459617e-17
43867.5831969649,-0.016152656138881234,0.0,-3.5657040859983224e-17
43882.46365259481,-0.015028820884199892,0.0,-3.837937557144641e-17
43897.344108224715,-0.013863520909907223,0.0,-4.095132919612242e-17
43912.22456385462,-0.012662149528204658,0.0,-4.3362670676588635e-17
43927.10501948453,-0.011430172679232999,0.0,-4.560380017282966e-17
43941.98547511444,-0.010173104600762227,0.0,-4.766578732860736e-17
43956.86593074434,-0.008896483579073265,0.0,-4.9540406899486644e-17
43971.746386374245,-0.007605847886206739,0.0,-5.122017160025192e-17
43986.62684200415,-0.006306712007031104,0.0,-5.2698362040368447e-17
44001.50729763406,-0.005004543257277297,0.0,-5.396905362771049e-17
44016.38775326397,-0.0037047388910678714,0.0,-5.502714033273796e-17
44031.268208893875,-0.002412603793398062,0.0,-5.586835521772356e-17
44046.14866452378,-0.0011333288495221777,0.0,-5.64892876484635e-17
44061.02912015369,0.00012802992061049234,0.0,-5.688739711901302e-17
44075.9095757836,0.0013665713789670492,0.0,-5.706102363343441e-17
44090.790031413504,0.0025775683577078934,0.0,-5.700939460216737e-17
44105.67048704341,0.0037564857446231448,0.0,-5.673262822446952e-17
44120.55094267331,0.004898997496365083,0.0,-5.62317333422973e-17
44135.43139830322,0.006001002515537757,0.0,-5.55086057650046e-17
44150.311853933126,0.007058639333362031,0.0,-5.456602107824044e-17
44165.19230956303,0.008068299545508771,0.0,-5.3407623964384424e-17
44180.07276519294,0.009026639954748478,0.0,-5.2037914075708746e-17
44194.95322082285,0.009930593380290467,0.0,-5.046222851516079e-17
44209.833676452756,0.010777378100030516,0.0,-4.868672099311943e-17
44224.71413208266,0.011564505898370193,0.0,-4.671833774172067e-17
44239.59458771257,0.0122897886987786,0.0,-4.456479028120886e-17
44254.47504334248,0.012951343766875421,0.0,-4.223452514532043e-17
44269.35549897238,0.013547597476300823,0.0,-3.973669068478355e-17
44284.235954602285,0.01407728763628311,0.0,-3.7081101079662265e-17
44299.11641023219,0.014539464386250162,0.0,-3.4278197702401824e-17
44313.9968658621,0.014933489669305917,0.0,-3.1339007983932504e-17
44328.87732149201,0.015259035302698804,0.0,-2.827510194522691e-17
44343.757777121915,0.015516079669594469,0.0,-2.5098546565930115e-17
44358.63823275182,0.0157049030625365,0.0,-2.1821858170390777e-17
44373.51868838173,0.01582608171478816,0.0,-1.8457953019265245e-17
44388.39914401164,0.015880480561421606,0.0,-1.502009630211942e-17
44403.279599641544,0.015869244777378746,0.0,-1.152184973277357e-17
44418.16005527145,0.015793790144975058,0.0,-7.9770179548044e-18
44433.04051090135,0.01565579230804288,0.0,-4.3995939693396674e-18
44447.92096653126,0.015457174974629997,0.0,-8.037038012547181e-19
44462.80142216117,0.015200097134321059,0.0,2.796449377034234e-18
44477.681877791074,0.014886939360214718,0.0,6.386641442844954e-18
44492.56233342098,0.01452028926915708,0.0,9.952683618791115e-18
44507.44278905089,0.014102926217003448,0.0,1.3480478643519782e-17
44522.323244680796,0.013637805308568672,0.0,1.6956076594852292e-17
44537.2037003107,0.013128040804304728,0.0,2.0365730143969784e-17
44552.08415594061,0.012576889007842176,0.0,2.3695949021396228e-17
44566.96461157052,0.01198773072011456,0.0,2.6933553478692963e-17
44581.84506720042,0.01136405334712218,0.0,3.006572653363351e-17
44596.725522830326,0.010709432749075494,0.0,3.3080064791476176e-17
44611.60597846023,0.0100275149192154,0.0,3.596462764047133e-17
44626.48643409014,0.009321997580507752,0.0,3.870798462622367e-17
44641.36688972005,0.008596611788049408,0.0,4.1299260816666155e-17
44656.247345349955,0.007855103624213391,0.0,4.372817997731765e-17
44671.12780097986,0.007101216072313669,0.0,4.5985105385196043e-17
44686.00825660977,0.006338671153046725,0.0,4.806107811903013e-17
44700.88871223968,0.005571152405885162,0.0,4.994785267344126e-17
44715.769167869585,0.004802287795356651,0.0,5.163792975530405e-17
44730.64962349949,0.004035633119343671,0.0,5.3124586131688584e-17
44745.53007912939,0.003274655993576181,0.0,5.4401901410413864e-17
44760.4105347593,0.0025227204830368458,0.0,5.546478164642728e-17
44775.29099038921,0.0017830724473938062,0.0,5.630897967975415e-17
44790.171446019114,0.0010588256635510399,0.0,5.693111212374785e-17
44805.05190164902,0.00035294878419431935,0.0,5.732867293561962e-17
44819.93235727893,-0.00033174681327653027,0.0,5.750004351477372e-17
44834.812812908836,-0.0009926182377627615,0.0,5.744449928825126e-17
44849.693268538744,-0.0016272013106665012,0.0,5.71622127564976e-17
44864.57372416865,-0.00223321976761362,0.0,5.665425298671779e-17
44879.45417979856,-0.0028085934012854127,0.0,5.592258155516695e-17
44894.33463542846,-0.0033514451163159445,0.0,5.4970044953812946e-17
44909.215091058366,-0.0038601068727104754,0.0,5.3800363490832374e-17
44924.09554668827,-0.0043331244997716,0.0,5.241811672832828e-17
44938.97600231818,-0.004769261368149369,0.0,5.082872551437516e-17
44953.85645794809,-0.005167500913257968,0.0,4.9038430680050674e-17
44968.736913577995,-0.005527048008928455,0.0,4.705426848531681e-17
44983.6173692079,-0.005847329195775575,0.0,4.488404291056248e-17
44998.49782483781,-0.0061279917742801115,0.0,4.253629490310811e-17
45013.37828046772,-0.006368901778113452,0.0,4.0020268700104014e-17
45028.258736097625,-0.006570140848497295,0.0,3.734587536083716e-17
45043.13919172753,-0.006732002035727096,0.0,3.4523653652585465e-17
45058.01964735743,-0.006854984558959061,0.0,3.1564728444638144e-17
45072.90010298734,-0.006939787560361354,0.0,2.848076677503382e-17
45087.78055861725,-0.006987302894332682,0.0,2.528393176383495e-17
45102.661014247155,-0.0069986069970178096,0.0,2.1986834555259284e-17
45117.54146987706,-0.006974951885589475,0.0,1.860248447892628e-17
45132.42192550697,-0.00691775534070335,0.0,1.5144237627467497e-17
45147.30238113688,-0.006828590329264531,0.0,1.1625744054147392e-17
45162.182836766784,-0.006709173727989504,0.0,8.060893799556953e-18
45177.06329239669,-0.006561354411440141,0.0,4.4637619611844406e-18
45191.9437480266,-0.006387100770822158,0.0,8.485530234269189e-19
45206.8242036565,-0.006188487732435609,0.0,-2.7704553313729128e-18
45221.704659286406,-0.005967683346599442,0.0,-6.3789687082718334e-18
45236.58511491631,-0.005726935019745177,0.0,-9.962732557570553e-18
45251.46557054622,-0.005468555463627348,0.0,-1.350758858104851e-17
45266.34602617613,-0.005194908436651106,0.0,-1.6999530763012732e-17
45281.226481806036,-0.004908394353008803,0.0,-2.0424760804042343e-17
45296.10693743594,-0.00461143583544233,0.0,-2.376974273770202e-17
45310.98739306585,-0.004306463287499292,0.0,-2.702125651365901e-17
45325.86784869576,-0.003995900560524193,0.0,-3.0166450334781645e-17
45340.748304325665,-0.003682150789923594,0.0,-3.319289154065808e-17
45355.62875995557,-0.003367582473884863,0.0,-3.608861583577983e-17
45370.50921558547,-0.0030545158663152563,0.0,-3.884217466712624e-17
45385.38967121538,-0.0027452097537273984,0.0,-4.1442680563275504e-17
45400.27012684529,-0.0024418486836701725,0.0,-4.387985025516398e-17
45415.150582475195,-0.0021465307096374536,0.0,-4.614404540747056e-17
45430.0310381051,-0.0018612557145508968,0.0,-4.822631079902837e-17
45444.91149373501,-0.0015879143717652117,0.0,-5.011840980077153e-17
45459.79194936492,-0.0013282777989992792,0.0,-5.181285701046143e-17
45474.672404994824,-0.0010839879569723779,0.0,-5.3302947914668584e-17
45489.55286062473,-0.0008565488404704419,0.0,-5.4582785460306034e-17
45504.43331625464,-0.0006473185054476985,0.0,-5.564730343022661e-17
45519.31377188454,-0.0004575019712980549,0.0,-5.649228653009508e-17
45534.19422751445,-0.0002881450329090818,0.0,-5.71143871067646e-17
45549.074683144354,-0.0001401290123266702,0.0,-5.751113843175066e-17
45563.95513877426,-1.4166474990896794e-05,0.0,-5.768096449702455e-17
45578.83559440417,8.920206949502435e-05,0.0,-5.762318628415947e-17
45593.716050034076,0.00016961046719209116,0.0,-5.73380244818661e-17
45608.59650566398,0.00022686821053106987,0.0,-5.682659864102868e-17
45623.47696129389,0.00026096071537048265,0.0,-5.609092277048502e-17
45638.3574169238,0.0002720485850994034,0.0,-5.513389739091158e-17
45653.237872553706,0.0002604658676624641,0.0,-5.3959298078216526e-17
45668.11832818361,0.00022671731657998573,0.0,-5.2571760541776426e-17
45682.99878381351,0.0001714746721022814,0.0,-5.0976762296583904e-17
45697.87923944342,9.557198370295505e-05,0.0,-4.9180601001891623e-17
45712.75969507333,4.996003610813204e-16,0.0,-4.7190369552167914e-17
45727.640150703235,-0.00011410034300606692,0.0,-4.5013928019024264e-17
45742.52060633314,-0.00024544529986886277,0.0,-4.265987255532062e-17
45757.40106196305,-0.0003926165198510287,0.0,-4.013750138464536e-17
45772.28151759296,-0.00055407003305568,0.0,-3.7456778010973796e-17
45787.161973222865,-0.000728145970332085,0.0,-3.4628291794292036e-17
45802.04242885277,-0.0009130789648613899,0.0,-3.16632160484614e-17
45816.92288448268,-0.001107009179896059,0.0,-2.857326382737691e-17
45831.80334011258,-0.001307993903756268,0.0,-2.5370641574682676e-17
45846.68379574249,-0.0015140196503063037,0.0,-2.206800082074738e-17
45861.564251372394,-0.0017230147004322904,0.0,-1.8678388118362268e-17
45876.4447070023,-0.00193286201763475,0.0,-1.5215193415592658e-17
45891.32516263221,-0.002141412468958116,0.0,-1.1692097070406861e-17
45906.205618262116,-0.002346498280645712,0.0,-8.123015717114693e-18
45921.086073892024,-0.002545946656720555,0.0,-4.5220471991423315e-18
45935.96652952193,-0.0027375934875632545,0.0,-9.03414786428181e-19
45950.84698515184,-0.00291929707510412,0.0,2.718589101507654e-18
45965.727440781746,-0.0030889518008235493,0.0,6.329659443753903e-18
45980.60789641165,-0.0032445016630157607,0.0,9.915535213390523e-18
45995.48835204155,-0.003383953610102755,0.0,1.3462055795760001e-17
46010.36880767146,-0.0035053905977405625,0.0,1.6955217006077067e-17
46025.24926330137,-0.0036069842986078265,0.0,2.0381226484404285e-17
46040.129718931275,-0.0036870073952610903,0.0,2.372655824851747e-17
46055.01017456118,-0.003743845388477624,0.0,2.697800618853473e-17
46069.89063019109,-0.00377600785558576,0.0,3.0122736291368695e-17
46084.771085821,-0.0037821390959961176,0.0,3.314833738816186e-17
46099.651541450905,-0.003761028103891388,0.0,3.604287022367867e-17
46114.53199708081,-0.0037116178113710055,0.0,3.8794914653351186e-17
46129.41245271072,-0.0036330135486816323,0.0,4.139361478106325e-17
46144.29290834062,-0.003524490672044231,0.0,4.3828721858989326e-17
46159.17336397053,-0.0033855013134868744,0.0,4.609063477965747e-17
46174.053819600435,-0.003215680211434556,0.0,4.817043799996875e-17
46188.93427523034,-0.0030148495852264923,0.0,5.005993674714683e-17
46203.81473086025,-0.0027830230213705814,0.0,5.175168936732113e-17
46218.69518649016,-0.0025204083442638345,0.0,5.323903668884605e-17
46233.575642120064,-0.0022274094490067897,0.0,5.4516128284271415e-17
46248.45609774997,-0.0019046270791412412,0.0,5.557794552722148e-17
46263.33655337988,-0.0015528585373001808,0.0,5.642032135313425e-17
46278.217009009786,-0.0011730963221312715,0.0,5.703995664591628e-17
46293.09746463969,-0.0007665256901656231,0.0,5.743443318594126e-17
46307.97792026959,-0.0003345211467253445,0.0,5.76022231084781e-17
46322.8583758995,0.00012135812463853757,0.0,5.754269483547142e-17
46337.73883152941,0.0005993738793188472,0.0,5.725611545759057e-17
46352.619287159316,0.0010976154552417919,0.0,5.674364955754551e-17
46367.49974278922,0.001614007417415242,0.0,5.600735447978277e-17
46382.38019841913,0.0021463181728289676,0.0,5.505017206576253e-17
46397.26065404904,0.0026921695200456397,0.0,5.3875916888044673e-17
46412.141109678945,0.003249047092955794,0.0,5.24892610302765e-17
46427.02156530885,0.003814311653412332,0.0,5.0895715473887284e-17
46441.90202093876,0.004385211182983052,0.0,4.910160816572245e-17
46456.78247656867,0.004958893719706786,0.0,4.7114058854026236e-17
46471.66293219857,0.0055324208816821055,0.0,4.494095079297041e-17
46486.543387828475,0.006102782015533548,0.0,4.2590899428324807e-17
46501.42384345838,0.006666908904198521,0.0,4.007321818886409e-17
46516.30429908829,0.007221690965325309,0.0,3.7397881519493325e-17
46531.1847547182,0.007763990868540023,0.0,3.457548530307125e-17
46546.065210348104,0.008290660497356998,0.0,3.161720482817862e-17
46560.94566597801,0.008798557179127513,0.0,2.8534750469841574e-17
46575.82612160792,0.009284560104630059,0.0,2.534032125921084e-17
46590.70657723783,0.009745586857251225,0.0,2.204655652658681e-17
46605.587032867734,0.010178609970631438,0.0,1.8666485809768198e-17
46620.467488497634,0.010580673432829476,0.0,1.5213477226538823e-17
46635.34794412754,0.01094890905459801,0.0,1.1701184516192436e-17
46650.22839975745,0.011280552619481493,0.0,8.143492960217031e-18
46665.108855387356,0.011572959733677867,0.0,4.554464396673034e-18
46679.98931101726,0.011823621294522963,0.0,9.482815463442714e-19
46694.86976664717,0.01203017849747196,0.0,-2.660808128537819e-18
46709.75022227708,0.01219043730317014,0.0,-6.258548810436107e-18
46724.630677906986,0.012302382287973451,0.0,-9.830732733965865e-18
46739.51113353689,0.012364189803742452,0.0,-1.3363256391143294e-17
46754.3915891668,0.012374240375269768,0.0,-1.684217631168934e-17
46769.27204479671,0.012331130266854343,0.0,-2.0253764197412298e-17
46784.15250042661,0.012233682152865428,0.0,-2.358456119230907e-17
46799.032956056515,0.012080954830793994,0.0,-2.682143107346959e-17
46813.91341168642,0.011872251919451519,0.0,-2.9951612152214884e-17
46828.79386731633,0.011607129489140965,0.0,-3.2962767680057943e-17
46843.67432294624,0.01128540257537463,0.0,-3.5843034560056115e-17
46858.554778576145,0.01090715053244011,0.0,-3.8581070170866096e-17
46873.43523420605,0.010472721188364571,0.0,-4.116609711838092e-17
46888.31568983596,0.00998273376802044,0.0,-4.358794573804278e-17
46903.19614546587,0.009438080556715675,0.0,-4.5837094179943863e-17
46918.076601095774,0.008839927282268421,0.0,-4.790470591839674e-17
46932.957056725674,0.008189712199393372,0.0,-4.9782664537951163e-17
46947.83751235558,0.007489143866205465,0.0,-5.146360565866492e-17
46962.71796798549,0.0067401976086368665,0.0,-5.2940945874787745e-17
46977.598423615396,0.005945110674744597,0.0,-5.4208908592946714e-17
46992.478879245304,0.005106376086956958,0.0,-5.526254666819507e-17
47007.35933487521,0.004226735206525528,0.0,-5.609776174905442e-17
47022.23979050512,0.0033091690305291493,0.0,-5.671132025573214e-17
47037.120246135026,0.00235688824792208,0.0,-5.710086592908465e-17
47052.00070176493,0.0013733220870871463,0.0,-5.726492890150743e-17
47066.88115739484,0.00036210599328702353,0.0,-5.720293125475082e-17
47081.76161302475,-0.0006729318198083478,0.0,-5.691518904359655e-17
47096.64206865465,-0.0017277848947288496,0.0,-5.640291077836384e-17
47111.522524284555,-0.002798284075716889,0.0,-5.566819237325269e-17
47126.40297991446,-0.0038801140146718788,0.0,-5.471400858156577e-17
47141.28343554437,-0.004968830572092402,0.0,-5.354420095275736e-17
47156.16389117428,-0.006059879042810273,0.0,-5.216346236007307e-17
47171.044346804185,-0.00714861313190468,0.0,-5.057731816110665e-17
47185.92480243409,-0.008230314601991313,0.0,-4.8792104066967397e-17
47200.805258064,-0.009300213509319609,0.0,-4.681494080875744e-17
47215.68571369391,-0.010353508942588734,0.0,-4.465370570276613e-17
47230.566169323814,-0.011385390175304815,0.0,-4.2317001228042106e-17
47245.446624953714,-0.01239105813979724,0.0,-3.9814120741821787e-17
47260.32708058362,-0.013365747128618773,0.0,-3.7155011469627487e-17
47275.20753621353,-0.014304746627204337,0.0,-3.4350234917599085e-17
47290.08799184344,-0.015203423180070768,0.0,-3.141092486481418e-17
47304.968447473344,-0.016057242191865582,0.0,-2.834874310289138e-17
47319.84890310325,-0.016861789563820936,0.0,-2.517583309908675e-17
47334.72935873316,-0.017612793066087668,0.0,-2.1904771767225854e-17
47349.609814363066,-0.018306143346560617,0.0,-1.8548519538311084e-17
47364.49026999297,-0.01893791447760061,0.0,-1.512036892930188e-17
47379.37072562288,-0.019504383943176884,0.0,-1.1633891814448235e-17
47394.25118125279,-0.020002051970486275,0.0,-8.102885608678971e-18
47409.13163688269,-0.020427660112278433,0.0,-4.541318576738505e-18
47424.012092512596,-0.020778208988437352,0.0,-9.632744852139184e-19
47438.8925481425,-0.021050975098419897,0.0,2.6171031829051333e-18
47453.77300377241,-0.0212435266193283,0.0,6.185667229820498e-18
47468.65345940232,-0.021353738108283688,0.0,9.728322738586232e-18
47483.533915032225,-0.021379804031742902,0.0,1.3231082840817056e-17
47498.41437066213,-0.021320251049005128,0.0,1.6680124035472658e-17
47513.29482629204,-0.021173948981972578,0.0,2.0061840839528314e-17
47528.17528192195,-0.020940120408433308,0.0,2.3362899554128224e-17
47543.055737551855,-0.020618348821703755,0.0,2.6570290933391775e-17
47557.936193181755,-0.02020858530519342,0.0,2.9671381547447056e-17
47572.81664881166,-0.019711153676695344,0.0,3.265396363657811e-17
47587.69710444157,-0.019126754063408278,0.0,3.550630325935409e-17
47602.57756007148,-0.018456464875396476,0.0,3.821718654455352e-17
47617.458015701384,-0.01770174315183999,0.0,4.077596386419206e-17
47632.33847133129,-0.016864423261498097,0.0,4.3172591753355105e-17
47647.2189269612,-0.0159467139457627,0.0,4.539767241148957e-17
47662.09938259111,-0.014951193699937491,0.0,4.7442490629521765e-17
47676.979838221014,-0.013880804495619146,0.0,4.9299047997389435e-17
47691.86029385092,-0.012738843854353143,0.0,5.096009425746542e-17
47706.74074948083,-0.01152895529009134,0.0,5.241915568071376e-17
47721.62120511073,-0.010255117145226977,0.0,5.367056035427512e-17
47736.501660740636,-0.008921629852313318,0.0,5.470946028149801e-17
47751.38211637054,-0.007533101660679387,0.0,5.553185020809432e-17
47766.26257200045,-0.006094432874256789,0.0,5.613458310115855e-17
47781.14302763036,-0.004610798653816986,0.0,5.651538222107224e-17
47796.023483260265,-0.003087630443592275,0.0,5.667284973987738e-17
47810.90393889017,-0.0015305960887495515,0.0,5.660647187342186e-17
47825.78439452008,5.4421283505780293e-05,0.0,5.63166205084335e-17
47840.66485014999,0.001661345540385939,0.0,5.580455131958744e-17
47855.545305779895,0.00328393089300294,0.0,5.507239838557778e-17
47870.425761409795,0.004915786228934245,0.0,5.4123165327079e-17
47885.3062170397,0.006550400332855422,0.0,5.2960713003292404e-17
47900.18667266961,0.008181167895538972,0.0,5.158974381740096e-17
47915.06712829952,0.009801416207217223,0.0,5.001578269470576e-17
47929.947583929425,0.011404432427440984,0.0,4.8245154810377577e-17
47944.82803955933,0.012983491320084022,0.0,4.628496015665029e-17
47959.70849518924,0.014531883339208018,0.0,4.414304505175197e-17
47974.58895081915,0.0160429429489284,0.0,4.182797070499827e-17
47989.469406449054,0.01751007705840993,0.0,3.9348978964080653e-17
48004.34986207896,0.018926793451604015,0.0,3.6715955381708933e-17
48019.23031770887,0.020286729090242768,0.0,3.393938974937338e-17
48034.11077333877,0.021583678168175753,0.0,3.103033425593087e-17
48048.991228968676,0.02281161979503534,0.0,2.80003594381197e-17
48063.871684598584,0.02396474518785357,0.0,2.4861508098765902e-17
48078.75214022849,0.025037484250200595,0.0,2.162624737644168e-17
48093.6325958584,0.02602453142009497,0.0,1.8307419157571425e-17
48108.513051488306,0.02692087066993029,0.0,1.4918189028496838e-17
48123.39350711821,0.027721799544370384,0.0,1.1471993970694645e-17
48138.27396274812,0.028422952125261722,0.0,7.982489007220944e-18
48153.15441837803,0.02902032081617247,0.0,4.463493012560347e-18
48168.034874007935,0.02951027684341346,0.0,9.289339012184354e-19
48182.915329637835,0.029889589374826137,0.0,-2.6072065871776367e-18
48197.79578526774,0.03015544316281172,0.0,-6.130948287089695e-18
48212.67624089765,0.030305454623402568,0.0,-9.628367970686331e-18
48227.55669652756,0.030337686269239293,0.0,-1.3085654456333954e-17
48242.437152157465,0.030250659420456048,0.0,-1.648916324342884e-17
48257.31760778737,0.030043365124244114,0.0,-1.9825470457136845e-17
48272.19806341728,0.029715273220828613,0.0,-2.3081425889368502e-17
48287.07851904719,0.02926633950091991,0.0,-2.6244204926072002e-17
48301.958974677094,0.028697010907361112,0.0,-2.9301359155441557e-17
48316.839430307,0.028008228741471825,0.0,-3.224086545695829e-17
48331.71988593691,0.027201429842830055,0.0,-3.505117337735772e-17
48346.60034156681,0.0262785457193839,0.0,-3.772125060647285e-17
48361.48079719672,0.025241999613367372,0.0,-4.02406263736011e-17
48376.361252826624,0.024094701496962162,0.0,-4.2599432593323923e-17
48391.24170845653,0.022840041000431705,0.0,-4.478844259881618e-17
48406.12216408644,0.02148187828408045,0.0,-4.679910731026724e-17
48421.002619716346,0.020024532874188712,0.0,-4.862358869637231e-17
48435.88307534625,0.01847277049178632,0.0,-5.025479039762052e-17
48450.76353097616,0.016831787911774573,0.0,-5.1686385391486497e-17
48465.64398660607,0.015107195898509375,0.0,-5.291284059142789e-17
48480.524442235976,0.013305000272345144,0.0,-5.392943828382398e-17
48495.404897865876,0.011431581169984766,0.0,-5.4732294319607516e-17
48510.28535349578,0.009493670569471875,0.0,-5.531837299026998e-17
48525.16580912569,0.007498328158563314,0.0,-5.568549853112529e-17
48540.0462647556,0.00545291563270274,0.0,-5.58323632081527e-17
48554.926720385505,0.003365069516136597,0.0,-5.575853195831506e-17
48569.80717601541,0.0012426726065725008,0.0,-5.5464443566965923e-17
48584.68763164532,-0.0009061758496674774,0.0,-5.4951408379718814e-17
48599.56808727523,-0.003073191138902226,0.0,-5.422160255990566e-17
48614.448542905135,-0.005249935098959199,0.0,-5.327805891648302e-17
48629.32899853504,-0.007427849051617273,0.0,-5.2124654340827455e-17
48644.20945416495,-0.009598287519797542,0.0,-5.0766093904334015e-17
48659.08990979485,-0.011752552596439626,0.0,-4.920789168193258e-17
48673.97036542476,-0.01388192882823492,0.0,-4.745634837963304e-17
48688.850821054664,-0.01597771847422383,0.0,-4.5518525856833535e-17
48703.73127668457,-0.018031276996608767,0.0,-4.3402218646423076e-17
48718.61173231448,-0.020034048639115433,0.0,-4.1115922587552113e-17
48733.49218794439,-0.021977601946732234,0.0,-3.8668800697372665e-17
48748.372643574294,-0.023853665079816923,0.0,-3.60706464189166e-17
48763.2530992042,-0.025654160775323325,0.0,-3.333184439261864e-17
48778.13355483411,-0.027371240808191536,0.0,-3.046332890876958e-17
48793.014010464016,-0.02899731980700683,0.0,-2.7476540207247595e-17
48807.894466093916,-0.030525108279505973,0.0,-2.4383378799386165e-17
48822.77492172382,-0.03194764470583154,0.0,-2.1196157994514486e-17
48837.65537735373,-0.033258326560105855,0.0,-1.7927554820819353e-17
48852.53583298364,-0.034450940124412174,0.0,-1.4590559536316482e-17
48867.416288613545,-0.03551968896317893,0.0,-1.1198423931317783e-17
48882.29674424345,-0.036459220930560754,0.0,-7.76460862837696e-18
48897.17719987336,-0.03726465358856207,0.0,-4.3027295895641076e-18
48912.05765550327,-0.037931597919222265,0.0,-8.265040439683395e-19
48926.938111133175,-0.03845618022051327,0.0,2.6503039495612907e-18
48941.81856676308,-0.03883506208213508,0.0,6.113938088051071e-18
48956.69902239299,-0.039065458344705706,0.0,9.550704341646142e-18
48971.57947802289,-0.03914515295330587,0.0,1.2947025186038994e-17
48986.4599336528,-0.03907251262453068,0.0,1.6289493335005192e-17
49001.340389282705,-0.03884649825447624,0.0,1.9564924759999382e-17
49016.22084491261,-0.038466674003963426,0.0,2.2760410786863832e-17
49031.10130054252,-0.03793321400636124,0.0,2.58633690633787e-17
49045.98175617243,-0.03724690665275566,0.0,2.88615931960934e-17
49060.862211802334,-0.03640915641888816,0.0,3.174330086027523e-17
49075.74266743224,-0.03542198320804192,0.0,3.449718019299032e-17
49090.62312306215,-0.034288019194204475,0.0,3.711243428632029e-17
49105.503578692056,-0.03301050315985764,0.0,3.95788236053455e-17
49120.38403432196,-0.031593272333061945,0.0,4.1886706163946877e-17
49135.264489951864,-0.03004075173876541,0.0,4.402707530043782e-17
49150.14494558177,-0.028357941089562196,0.0,4.599159490475343e-17
49165.02540121168,-0.026550399251384867,0.0,4.777263195907872e-17
49179.905856841586,-0.024624226329774193,0.0,4.9363286264653574e-17
49194.78631247149,-0.022586043432463045,0.0,5.075741723868309e-17
49209.6667681014,-0.020442970173860778,0.0,5.194966767706285e-17
49224.54722373131,-0.01820259999674824,0.0,5.2935484390737346e-17
49239.427679361215,-0.015872973395883345,0.0,5.3711135636004136e-17
49254.30813499112,-0.013462549137432146,0.0,5.4273725271876067e-17
49269.18859062103,-0.01098017357691023,0.0,5.462120359066899e-17
49284.06904625093,-0.008435048186793949,0.0,5.475237478124921e-17
49298.94950188084,-0.005836695413036053,0.0,5.466690099777993e-17
49313.829957510745,-0.003194922987321873,0.0,5.4365303020324245e-17
49328.71041314065,-0.0005197868290441471,0.0,5.384895750721945e-17
49343.59086877056,0.0021784473223684306,0.0,5.312009085268718e-17
49358.47132440047,0.004889343398029981,0.0,5.218176967661709e-17
49373.351780030374,0.0076023354607939395,0.0,5.103788798685386e-17
49388.23223566028,0.010306768979838614,0.0,4.9693151067485554e-17
49403.11269129019,0.012991942757036176,0.0,4.815305615964264e-17
49417.9931469201,0.015647151339825638,0.0,4.6423870013979784e-17
49432.873602550004,0.01826172775220842,0.0,4.451260340643507e-17
49447.754058179904,0.020825086373150246,0.0,4.2426982720820774e-17
49462.63451380981,0.02332676578990739,0.0,4.017541871342649e-17
49477.51496943972,0.025756471452833066,0.0,3.7766972585902064e-17
49492.395425069626,0.02810411795788374,0.0,3.5211319503310574e-17
49507.27588069953,0.030359870783436736,0.0,3.251870970429747e-17
49522.15633632944,0.03251418730917887,0.0,2.9699927359764704e-17
49537.03679195935,0.034557856946569085,0.0,2.6766247345314243e-17
49551.917247589256,0.03648204021299756,0.0,2.3729390100836045e-17
49566.79770321916,0.0382783065848725,0.0,2.0601474758153992e-17
49581.67815884907,0.03993867096890437,0.0,1.7394970724325226e-17
49596.55861447897,0.041455628635326765,0.0,1.412264791425517e-17
49611.43907010888,0.042822188462150856,0.0,1.0797525831426211e-17
49626.319525738785,0.044031904345374316,0.0,7.432821700068427e-18
49641.19998136869,0.045078904636638065,0.0,4.041897855612562e-18
49656.0804369986,0.045957919476960915,0.0,6.382086031111768e-19
49670.96089262851,0.04666430590280758,0.0,-2.76475324473198e-18
49685.841348258415,0.047194070609135205,0.0,-6.153509937223454e-18
49700.72180388832,0.047543890262684387,0.0,-9.51465225000923e-18
49715.60225951823,0.047711129268180066,0.0,-1.2834892631703954e-17
49730.48271514814,0.04769385489966885,0.0,-1.6101117821821163e-17
49745.363170778044,0.047490849719493335,0.0,-1.9300440731338313e-17
49760.243626407944,0.04710162121775552,0.0,-2.2420251380268527e-17
49775.12408203785,0.046526408616038614,0.0,-2.544826669060776e-17
49790.00453766776,0.045766186790241394,0.0,-2.837257893764164e-17
49804.88499329767,0.04482266727873028,0.0,-3.118170266819554e-17
49819.765448927574,0.04369829635362949,0.0,-3.386461990060206e-17
49834.64590455748,0.042396250144699374,0.0,-3.641082342815952e-17
49849.52636018739,0.04092042681721151,0.0,-3.88103580555701e-17
49864.406815817296,0.03927543581700387,0.0,-4.105385960617205e-17
49879.2872714472,0.03746658420787474,0.0,-4.3132591546833e-17
49894.16772707711,0.03549986013833195,0.0,-4.503847908692019e-17
49909.04818270701,0.03338191348650291,0.0,-4.676414061798852e-17
49923.92863833692,0.031120033743658508,0.0,-4.8302916371476804e-17
49938.809093966825,0.028722125208304736,0.0,-4.9648894182902193e-17
49953.68954959673,0.026196679574033543,0.0,-5.07969322626377e-17
49968.57000522664,0.02355274600530667,0.0,-5.174267888535673e-17
49983.45046085655,0.02079989880601822,0.0,-5.248258892256515e-17
49998.330916486455,0.017948202795940532,0.0,-5.301393715526961e-17
50013.21137211636,0.015008176520098664,0.0,-5.333482831669278e-17
50028.09182774627,0.011990753425510932,0.0,-5.344420382800842e-17
50042.97228337618,0.008907241148679378,0.0,-5.3341845203260164e-17
50057.852739006084,0.005769279065668986,0.0,-5.302837411290225e-17
50072.733194635985,0.0025887942644080286,0.0,-5.2505249108708237e-17
50087.61365026589,-0.0006220438938752612,0.0,-5.1774759026081565e-17
50102.4941058958,-0.003850870450556952,0.0,-5.0840013093017275e-17
50117.37456152571,-0.007085172583421062,0.0,-4.970492778802485e-17
50132.255017155614,-0.010312338213615588,0.0,-4.837421050226172e-17
50147.13547278552,-0.013519705296528156,0.0,-4.685334007375693e-17
50162.01592841543,-0.016694611603499908,0.0,-4.5148544274039653e-17
50176.896384045336,-0.019824444798297168,0.0,-4.326677433949947e-17
50191.77683967524,-0.022896692609941816,0.0,-4.1215676651538974e-17
50206.65729530515,-0.025898992902083334,0.0,-3.90035616807836e-17
50221.53775093505,-0.028819183438330342,0.0,-3.6639370321457465e-17
50236.41820656496,-0.03164535114317274,0.0,-3.413263775224767e-17
50251.298662194866,-0.03436588065894905,0.0,-3.1493454969778494e-17
50266.17911782477,-0.03696950200113511,0.0,-2.87324281498803e-17
50281.05957345468,-0.039445337116735424,0.0,-2.586063600038149e-17
50295.94002908459,-0.04178294515386019,0.0,-2.288958527701548e-17
50310.820484714495,-0.04397236625478477,0.0,-1.9831164641138426e-17
50325.7009403444,-0.046004163689578534,0.0,-1.669759704445937e-17
50340.58139597431,-0.047869464153178005,0.0,-1.3501390831610452e-17
50355.46185160422,-0.04955999605506492,0.0,-1.0255289756386443e-17
50370.342307234125,-0.05106812563793356,0.0,-6.9722221115493e-18
50385.222762864025,-0.05238689076947062,0.0,-3.665249175523596e-18
50400.10321849393,-0.05351003225993295,0.0,-3.4751318174511284e-19
50414.98367412384,-0.05443202256725056,0.0,2.967814981760178e-18
50429.86412975375,-0.05514809176114907,0.0,6.267588134212556e-18
50444.744585383654,-0.055654250628094835,0.0,9.538735016863689e-18
50459.62504101356,-0.05594731080960173,0.0,1.2768312153044865e-17
50474.50549664347,-0.05602490187781846,0.0,1.5943555147457474e-17
50489.38595227338,-0.05588548526399929,0.0,1.9051929221033343e-17
50504.266407903284,-0.05552836496764782,0.0,2.2081178781014707e-17
50519.14686353319,-0.05495369498655782,0.0,2.5019375829858936e-17
50534.02731916309,-0.05416248342081431,0.0,2.785496702146163e-17
50548.907774793,-0.053156593216834816,0.0,3.057681917870199e-17
50563.788230422906,-0.0519387395307775,0.0,3.317426309264704e-17
50578.66868605281,-0.05051248370405747,0.0,3.5637135430799575e-17
50593.54914168272,-0.0488822238571314,0.0,3.795581858941626e-17
50608.42959731263,-0.047053182121348555,0.0,4.012127833332849e-17
50623.310052942536,-0.04503138854207343,0.0,4.21250990756237e-17
50638.19050857244,-0.042823661699792584,0.0,4.3959516659136815e-17
50653.07096420235,-0.040437586109238616,0.0,4.56174485117406e-17
50667.95141983226,-0.03788148646970391,0.0,4.7092521058063e-17
50682.831875462165,-0.035164398852644344,0.0,4.837909428126658e-17
50697.712331092065,-0.03229603892530358,0.0,4.9472283340022937e-17
50712.59278672197,-0.029286767321415275,0.0,5.0367977157613746e-17
50727.47324235188,-0.02614755228195044,0.0,5.106285391225623e-17
50742.35369798179,-0.022889929700350586,0.0,5.155439337017212e-17
50757.234153611695,-0.019525960717698833,0.0,5.184088601555425e-17
50772.1146092416,-0.016068187023775327,0.0,5.1921438944394704e-17
50786.99506487151,-0.012529584029818096,0.0,5.179597850208093e-17
50801.87552050142,-0.008923512088084395,0.0,5.146524965765593e-17
50816.755976131324,-0.005263665941990167,0.0,5.093081212065895e-17
50831.63643176123,-0.001564022598469661,0.0,5.019503321943393e-17
50846.51688739113,0.0021612121785281185,0.0,4.926107757269881e-17
50861.39734302104,0.005897658548121992,0.0,4.8132893598896604e-17
50876.277798650946,0.009630818235112908,0.0,4.681519692043737e-17
50891.158254280854,0.01334613091935833,0.0,4.5313450732238033e-17
50906.03870991076,0.01702903115205813,0.0,4.36338432160018e-17
50920.91916554067,0.02066500557597535,0.0,4.178326209339814e-17
50935.799621170576,0.024239650224378552,0.0,3.9769266422568444e-17
50950.68007680048,0.0277387276720611,0.0,3.760005575332248e-17
50965.56053243039,0.031148223811383498,0.0,3.5284436766744414e-17
50980.4409880603,0.03445440402661998,0.0,3.283178753488546e-17
50995.321443690205,0.0376438685413151,0.0,3.0252019545508246e-17
51010.201899320105,0.040703606715492925,0.0,2.7555537645674137e-17
51025.08235495001,0.04362105007279473,0.0,2.4753198066026773e-17
51039.96281057992,0.04638412384153752,0.0,2.185626469519651e-17
51054.84326620983,0.04898129679868701,0.0,1.8876363780469592e-17
51069.723721839735,0.05140162921145295,0.0,1.582543723699448e-17
51084.60417746964,0.05363481867780848,0.0,1.2715694753174821e-17
51099.48463309955,0.05567124367473491,0.0,9.559564884437743e-18
51114.36508872946,0.057502004631128936,0.0,6.369645331474289e-18
51129.245544359364,0.059118962351387666,0.0,3.158652602009452e-18
51144.12599998927,0.060514773625332766,0.0,-6.062874251031162e-20
51159.00645561917,0.061682923870631526,0.0,-3.2753970525673074e-18
51173.88691124908,0.06261775666488617,0.0,-6.472884565123603e-18
51188.76736687899,0.06331450003627956,0.0,-9.640408183840343e-18
51203.647822508894,0.06376928939398835,0.0,-1.2765419862767525e-17
51218.5282781388,0.06397918699226968,0.0,-1.5835556393026708e-17
51233.40873376871,0.06394219783549275,0.0,-1.883868839470324e-17
51248.289189398616,0.06365728194502783,0.0,-2.1762968319463843e-17
51263.16964502852,0.06312436292302537,0.0,-2.459687727365647e-17
51278.05010065843,0.06234433276246029,0.0,-2.7329270476490726e-17
51292.93055628834,0.06131905286751678,0.0,-2.994942117362061e-17
51307.811011918246,0.06005135126322439,0.0,-3.244706283274101e-17
51322.691467548146,0.05854501598828743,0.0,-3.481242945492534e-17
51337.57192317805,0.05680478468011981,0.0,-3.703629384308611e-17
51352.45237880796,0.05483633037623609,0.0,-3.911000367728901e-17
51367.33283443787,0.05264624357126751,0.0,-4.102551525559061e-17
51382.213290067775,0.050242010583828475,0.0,-4.277542476850143e-17
51397.09374569768,0.04763198830233363,0.0,-4.435299698522156e-17
51411.97420132759,0.044825375393513195,0.0,-4.5752191240215016e-17
51426.8546569575,0.04183218007171796,0.0,-4.6967684619633476e-17
51441.735112587405,0.03866318454115793,0.0,-4.799489225835906e-17
51456.61556821731,0.03532990623684648,0.0,-4.882998467010041e-17
51471.49602384721,0.03184455600327239,0.0,-4.946990204488254e-17
51486.37647947712,0.02821999336247234,0.0,-4.991236546047806e-17
51501.25693510703,0.02446967903541044,0.0,-5.0155884966688906e-17
51516.137390736934,0.020607624892036554,0.0,-5.019976451394556e-17
51531.01784636684,0.016648341516406713,0.0,-5.00441037102947e-17
51545.89830199675,0.01260678358340473,0.0,-4.968979640355789e-17
51560.77875762666,0.00849829325307467,0.0,-4.9138526098106536e-17
51575.659213256564,0.00433854179733742,0.0,-4.8392758228341856e-17
51590.53966888647,0.00014346968166602941,0.0,-4.7455729323481365e-17
51605.42012451638,-0.004070774668595421,0.0,-4.633143311065201e-17
51620.300580146286,-0.00828789718151298,0.0,-4.5024603615436655e-17
51635.181035776186,-0.012491521290363232,0.0,-4.354069533097e-17
51650.06149140609,-0.01666525167863979,0.0,-4.188586053828923e-17
51664.941947036,-0.020792738369562275,0.0,-4.0066923871934645e-17
51679.82240266591,-0.02485774090901132,0.0,-3.809135423569484e-17
51694.702858295816,-0.028844192389448936,0.0,-3.596723418383225e-17
51709.58331392572,-0.03273626306192768,0.0,-3.370322689315527e-17
51724.46376955563,-0.03651842328398088,0.0,-3.130854086072599e-17
51739.34422518554,-0.040175505552690546,0.0,-2.879289247098072e-17
51754.224680815445,-0.04369276537493974,0.0,-2.616646658431939e-17
51769.10513644535,-0.047055940730350375,0.0,-2.343987530701218e-17
51783.98559207526,-0.0502513098870858,0.0,-2.062411510927913e-17
51798.86604770516,-0.05326574733615601,0.0,-1.773052246486504e-17
51813.74650333507,-0.05608677761642702,0.0,-1.4770728191084803e-17
51828.626958964975,-0.05870262680992619,0.0,-1.1756610673317381e-17
51843.50741459488,-0.06110227149536084,0.0,-8.700248162164411e-18
51858.38787022479,-0.06327548495699925,0.0,-5.613870334943396e-18
51873.2683258547,-0.06521288045603338,0.0,-2.509809315946728e-18
51888.148781484604,-0.06690595138246022,0.0,5.995496482468107e-19
51903.02923711451,-0.06834710811703813,0.0,3.701817660898509e-18
51917.90969274442,-0.06952971144527192,0.0,6.78465159689781e-18
51932.790148374326,-0.0704481023782885,0.0,9.835803276797141e-18
51947.670604004226,-0.07109762824915121,0.0,1.284316819698838e-17
51962.551059634134,-0.07147466496729607,0.0,1.5794833621866382e-17
51977.43151526404,-0.07157663532849876,0.0,1.8679125846633207e-17
51992.31197089395,-0.07140202329294333,0.0,2.1484656442993612e-17
52007.192426523856,-0.07095038415951302,0.0,2.4200367304199965e-17
52022.07288215376,-0.07022235058036645,0.0,2.6815574311026064e-17
52036.95333778367,-0.06921963437600583,0.0,2.9320009445907643e-17
52051.83379341358,-0.06794502412748829,0.0,3.1703861188974876e-17
52066.714249043485,-0.06640237853896992,0.0,3.395781303671436e-17
52081.59470467339,-0.06459661558044641,0.0,3.6073079991763374e-17
52096.4751603033,-0.06253369743716414,0.0,3.8041442880602877e-17
52111.3556159332,-0.06022061130888715,0.0,3.9855280364796555e-17
52126.23607156311,-0.05766534611864971,0.0,4.150759852083227e-17
52141.116527193015,-0.05487686520701674,0.0,4.299205787346266e-17
52155.99698282292,-0.05186507510392136,0.0,4.430299777783742e-17
52170.87743845283,-0.048640790486012095,0.0,4.543545805639044e-17
52185.75789408274,-0.04521569544281191,0.0,4.638519780759932e-17
52200.638349712644,-0.04160230119002134,0.0,4.7148711315122813e-17
52215.51880534255,-0.037813900382766545,0.0,4.772324099753629e-17
52230.39926097246,-0.03386451819559727,0.0,4.81067873507842e-17
52245.27971660237,-0.02976886034933491,0.0,4.8298115847574896e-17
52260.16017223227,-0.025542258277559248,0.0,4.829676077016888e-17
52275.040627862174,-0.021200611637514022,0.0,4.810302596530239e-17
52289.92108349208,-0.016760328381387267,0.0,4.7717982522328296e-17
52304.80153912199,-0.012238262614303358,0.0,4.7143463387974597e-17
52319.681994751896,-0.007651650474888187,0.0,4.638205494335079e-17
52334.5624503818,-0.0030180442829489604,0.0,4.543708558097616e-17
52349.44290601171,0.001644754793575641,0.0,4.431261133154259e-17
52364.32336164162,0.006318765293423706,0.0,4.30133986018993e-17
52379.203817271526,0.010985894973964717,0.0,4.154490409719923e-17
52394.08427290143,0.01562801101089023,0.0,3.991325201135457e-17
52408.96472853134,0.02022701061263593,0.0,3.812520858076117e-17
52423.84518416124,0.02476489177393392,0.0,3.6188154106679676e-17
52438.72563979115,0.0292238238913213,0.0,3.411005256168307e-17
52453.606095421055,0.03358621796306317,0.0,3.189941890507476e-17
52468.48655105096,0.03783479609657589,0.0,2.9565284241219634e-17
52483.36700668087,0.04195266004822895,0.0,2.711715896316055e-17
52498.24746231078,0.04592335852318522,0.0,2.45649940318216e-17
52513.127917940685,0.04973095296697058,0.0,2.191914054830717e-17
52528.00837357059,0.05336008158535879,0.0,1.9190307783504567e-17
52542.8888292005,0.0567960213353222,0.0,1.6389519835087876e-17
52557.76928483041,0.06002474763679773,0.0,1.3528071087358874e-17
52572.64974046031,0.06303299156318157,0.0,1.0617480653884947e-17
52587.530196090214,0.06580829427755348,0.0,7.669445986718031e-18
52602.41065172012,0.06833905849158778,0.0,4.695795839145343e-18
52617.29110735003,0.07061459673518523,0.0,1.708442771147302e-18
52632.17156297994,0.07262517623653515,0.0,-1.2806646115585545e-18
52647.052018609844,0.07436206022508138,0.0,-4.259589493305102e-18
52661.93247423975,0.07581754548320069,0.0,-7.216454567378679e-18
52676.81292986966,0.0769849959866475,0.0,-1.0139489447127963e-17
52691.693385499566,0.07785887248854508,0.0,-1.3017077579788191e-17
52706.57384112947,0.07843475791728287,0.0,-1.583780247584219e-17
52721.45429675938,0.07870937847457778,0.0,-1.859049306968306e-17
52736.33475238928,0.07868062033655432,0.0,-2.1264268031105468e-17
52751.21520801919,0.07834754187761273,0.0,-2.384857885161625e-17
52766.095663649096,0.07771038135418076,0.0,-2.633325153463855e-17
52780.976119279,0.07677056000309279,0.0,-2.8708526724616256e-17
52795.85657490891,0.07553068052716544,0.0,-3.096509811640459e-17
52810.73703053882,0.07399452095859661,0.0,-3.309414899353039e-17
52825.617486168725,0.07216702390892187,0.0,-3.508738675154722e-17
52840.49794179863,0.07005428123242766,0.0,-3.69370752710411e-17
52855.37839742854,0.06766351414796462,0.0,-3.863606501361598e-17
52870.25885305845,0.06500304888216106,0.0,-4.017782072350641e-17
52885.13930868835,0.06208228791476096,0.0,-4.155644662723632e-17
52900.019764318255,0.05891167692435829,0.0,-4.2766709033909373e-17
52914.90021994816,0.05550266755000012,0.0,-4.38040562492923e-17
52929.78067557807,0.05186767610091502,0.0,-4.466463572773874e-17
52944.66113120798,0.04802003836295289,0.0,-4.5345308397190897e-17
52959.541586837884,0.043973960666124745,0.0,-4.584366010392216e-17
52974.42204246779,0.039744467392791166,0.0,-4.6158010135321775e-17
52989.3024980977,0.03534734512064646,0.0,-4.628741679079344e-17
53004.182953727606,0.030799083608404956,0.0,-4.623167998272921e-17
53019.06340935751,0.026116813845153995,0.0,-4.599134086147151e-17
53033.94386498742,0.021318243396588884,0.0,-4.556767847011016e-17
53048.82432061732,0.01642158929261789,0.0,-4.496270344688064e-17
53063.70477624723,0.011445508711287432,0.0,-4.417914880476e-17
53078.585231877136,0.006409027723380541,0.0,-4.3220457829531624e-17
53093.46568750704,0.0013314683704903213,0.0,-4.2090769149112e-17
53108.34614313695,-0.0037676256432791905,0.0,-4.079489903819252e-17
53123.22659876686,-0.008868564359478207,0.0,-3.9338321033287487e-17
53138.107054396765,-0.013951587781727719,0.0,-3.77271429439319e-17
53152.98751002667,-0.018996942604608644,0.0,-3.59680813561389e-17
53167.86796565658,-0.02398495915640629,0.0,-3.406843373413922e-17
53182.74842128649,-0.02889612825534366,0.0,-3.203604823591165e-17
53197.62887691639,-0.03371117767828937,0.0,-2.9879291367061e-17
53212.509332546295,-0.03841114794166116,0.0,-2.7607013606044867e-17
53227.3897881762,-0.042977467095876104,0.0,-2.522851314178875e-17
53242.27024380611,-0.047392024237858515,0.0,-2.27534978720082e-17
53257.15069943602,-0.05163724145006053,0.0,-2.019204581742988e-17
53272.031155065924,-0.05569614387991316,0.0,-1.7554564113154e-17
53286.91161069583,-0.059552427679935085,0.0,-1.485174674396355e-17
53301.79206632574,-0.06319052553638344,0.0,-1.2094531195113958e-17
53316.67252195565,-0.06659566952289012,0.0,-9.294054194315412e-18
53331.552977585554,-0.06975395102528772,0.0,-6.461606723973652e-18
53346.43343321546,-0.07265237749455798,0.0,-3.608588485427545e-18
53361.31388884536,-0.0752789257964976,0.0,-7.464619989048268e-19
53376.19434447527,-0.07762259193945127,0.0,2.1132934759631666e-18
53391.074800105176,-0.07967343697489411,0.0,4.959228013670965e-18
53405.95525573508,-0.08142262888017654,0.0,7.779966905433007e-18
53420.83571136499,-0.08286248024780958,0.0,1.0564256166776283e-17
53435.7161669949,-0.08398648162170101,0.0,1.3301007487943856e-17
53450.596622624806,-0.08478933033723482,0.0,1.597934244735027e-17
53465.47707825471,-0.08526695473940836,0.0,1.858863581161693e-17
53480.35753388462,-0.08541653367087612,0.0,2.111855774959567e-17
53495.23798951453,-0.0852365111400456,0.0,2.3559114792438663e-17
53510.11844514443,-0.08472660609795796,0.0,2.5900689377063733e-17
53524.998900774335,-0.08388781727164354,0.0,2.8134077816269054e-17
53539.87935640424,-0.08272242302088213,0.0,3.025052654534134e-17
53554.75981203415,-0.08123397620465236,0.0,3.22417665021349e-17
53569.64026766406,-0.07942729406309358,0.0,3.4100045505333806e-17
53584.520723293965,-0.07730844314032696,0.0,3.5818158503829373e-17
53599.40117892387,-0.07488471929298636,0.0,3.738947557893465e-17
53614.28163455378,-0.07216462284863287,0.0,3.88079675903438e-17
53629.16209018369,-0.06915782899746883,0.0,4.006822936639235e-17
53644.042545813594,-0.06587515351959862,0.0,4.116550034920917e-17
53658.9230014435,-0.06232851396866626,0.0,4.20956826157066e-17
53673.8034570734,-0.0585308864507909,0.0,4.2855356206051634e-17
53688.68391270331,-0.05449625815538424,0.0,4.3441791702176335e-17
53703.56436833322,-0.05023957581147575,0.0,4.3852960010047756e-17
53718.444823963124,-0.04577669025958309,0.0,4.408753931074178e-17
53733.32527959303,-0.04112429734489484,0.0,4.414491915680335e-17
53748.20573522294,-0.03629987535252907,0.0,4.402520170190505e-17
53763.086190852846,-0.03132161921970769,0.0,4.372920006336477e-17
53777.96664648275,-0.02620837177295888,0.0,4.325843382864185e-17
53792.84710211266,-0.020979552250803852,0.0,4.2615121728389245e-17
53807.72755774257,-0.015655082383642945,0.0,4.180217151002041e-17
53822.60801337247,-0.01025531031292376,0.0,4.082316705698112e-17
53837.488469002375,-0.0048009326407738445,0.0,3.968235280990888e-17
53852.36892463228,0.0006870850904641262,0.0,3.8384615556680296e-17
53867.24938026219,0.006187589182612814,0.0,3.69354636687884e-17
53882.1298358921,0.011679319517854968,0.0,3.5341003871722146e-17
53897.010291522005,0.017140991930185052,0.0,3.360791564674772e-17
53911.89074715191,0.022551380892198398,0.0,3.174342337094586e-17
53926.77120278182,0.027889402195236078,0.0,2.975526631126678e-17
53941.65165841173,0.03313419530012002,0.0,2.7651666596835694e-17
53956.532114041634,0.038265205036068714,0.0,2.5441295301726324e-17
53971.41256967154,0.04326226232721435,0.0,2.313323677777726e-17
53986.29302530144,0.04810566362898807,0.0,2.0736951383927405e-17
54001.17348093135,0.05277624876100002,0.0,1.8262236764707493e-17
54016.05393656126,0.0572554768283314,0.0,1.5719187836227566e-17
54030.934392191164,0.06152549993004077,0.0,1.3118155642857554e-17
54045.81484782107,0.0655692343613769,0.0,1.0469705252209858e-17
54060.69530345098,0.06937042902538616,0.0,7.784572859550932e-18
54075.575759080886,0.07291373077969007,0.0,5.0736222757690806e-18
54090.45621471079,0.07618474645555125,0.0,2.347800975196605e-18
54105.3366703407,0.07917010129868976,0.0,-3.8190411891339267e-19
54120.21712597061,0.08185749359461496,0.0,-3.1045109326306623e-18
54135.09758160051,0.084235745255645,0.0,-5.809086444691457e-18
54149.978037230416,0.08629484816192431,0.0,-8.484790616915824e-18
54164.85849286032,0.08802600606489785,0.0,-1.1120919875098713e-17
54179.73894849023,0.08942167187852382,0.0,-1.3706949965830038e-17
54194.61940412014,0.0904755802011491,0.0,-1.6232578017515836e-17
54209.499859750045,0.09118277492914838,0.0,-1.8687763637310884e-17
54224.38031537995,0.09153963184237364,0.0,-2.1062768879871962e-17
54239.26077100986,0.09154387606071536,0.0,-2.3348196928601993e-17
54254.14122663977,0.09119459429094864,0.0,-2.553502933552607e-17
54269.021682269675,0.09049224180316495,0.0,-2.761466167199924e-17
54283.90213789958,0.08943864409654442,0.0,-2.95789374490546e-17
54298.78259352948,0.08803699323490688,0.0,-3.142018017344948e-17
54313.66304915939,0.08629183885319401,0.0,-3.3131223413165413e-17
54328.5435047893,0.08420907385696932,0.0,-3.470543875435993e-17
54343.423960419204,0.08179591485769697,0.0,-3.6136761540469985e-17
54358.30441604911,0.07906087740733443,0.0,-3.741971429328052e-17
54373.18487167902,0.07601374611616146,0.0,-3.8549427725290185e-17
54388.06532730893,0.07266553975804027,0.0,-3.9521659262568274e-17
54402.945782938834,0.0690284714870725,0.0,-4.0332809007482523e-17
54417.82623856874,0.06511590430905384,0.0,-4.097993308111343e-17
54432.70669419865,0.060942301969965286,0.0,-4.146075429585893e-17
54447.587149828556,0.0565231754420852,0.0,-4.1773670119577943e-17
54462.467605458456,0.051875025205880054,0.0,-4.191775790362618e-17
54477.34806108836,0.047015279542717975,0.0,-4.189277735824117e-17
54492.22851671827,0.0419622290696092,0.0,-4.16991702698494e-17
54507.10897234818,0.03673495776228886,0.0,-4.133805746605358e-17
54521.989427978086,0.03135327072733743,0.0,-4.081123304512858e-17
54536.86988360799,0.025837618997278815,0.0,-4.012115589791517e-17
54551.7503392379,0.02020902163491208,0.0,-3.927093856086531e-17
54566.63079486781,0.014488985444234315,0.0,-3.826433344972363e-17
54581.511250497715,0.008699422595425353,0.0,-3.7105716533849744e-17
54596.39170612762,0.0028625664801164782,0.0,-3.5800068521402e-17
54611.27216175752,-0.0029991138790768784,0.0,-3.435295363558634e-17
54626.15261738743,-0.00886300053453061,0.0,-3.2770496071735e-17
54641.03307301734,-0.014706414099621676,0.0,-3.105935423427868e-17
54655.913528647245,-0.020506701675631886,0.0,-2.922669286140168e-17
54670.79398427715,-0.026241324877795475,0.0,-2.7280153153622844e-17
54685.67443990706,-0.03188794761765035,0.0,-2.5227821030373513e-17
54700.55489553697,-0.0374245232990518,0.0,-2.3078193646022206e-17
54715.435351166874,-0.04282938108663757,0.0,-2.0840144303652833e-17
54730.31580679678,-0.04808131090852007,0.0,-1.8522885911105683e-17
54745.19626242669,-0.05315964685904215,0.0,-1.6135933129519175e-17
54760.076718056596,-0.05804434867306459,0.0,-1.3689063369586856e-17
54774.9571736865,-0.06271608094992166,0.0,-1.119227679522594e-17
54789.837629316404,-0.06715628981340074,0.0,-8.6557554980322e-18
54804.71808494631,-0.0713472767032625,0.0,-6.089822009085992e-18
54819.59854057622,-0.075272269004519,0.0,-3.504897316968913e-18
54834.478996206126,-0.07891548723223361,0.0,-9.114585626858546e-19
54849.35945183603,-0.08226220850253296,0.0,1.6800034168493006e-18
54864.23990746594,-0.08529882603441674,0.0,4.2590265247612056e-18
54879.12036309585,-0.08801290444183699,0.0,6.8152196479135516e-18
54894.000818725755,-0.09039323059152053,0.0,9.338304537801285e-18
54908.88127435566,-0.09242985981872619,0.0,1.1818157159749361e-17
54923.76172998556,-0.09411415731090544,0.0,1.4244848344024587e-17
54938.64218561547,-0.09543883448758726,0.0,1.6608683575505974e-17
54953.52264124538,-0.09639798022405405,0.0,1.890024176235074e-17
54968.403096875285,-0.0969870867860955,0.0,2.1110412828466633e-17
54983.28355250519,-0.09720307036356335,0.0,2.3230433979629526e-17
54998.1640081351,-0.0970442861112098,0.0,2.525192449867974e-17
55013.04446376501,-0.09651053762659309,0.0,2.7166918931441656e-17
55027.924919394914,-0.09560308081635757,0.0,2.896789853175684e-17
55042.80537502482,-0.09432462212399678,0.0,3.0647820841257516e-17
55057.68583065473,-0.09267931111416977,0.0,3.2200147287305606e-17
55072.56628628464,-0.09067272743059367,0.0,3.361886869070808e-17
55087.44674191454,-0.08831186216660361,0.0,3.4898528583485666e-17
55102.327197544444,-0.08560509370925841,0.0,3.6034244245996704e-17
55117.20765317435,-0.08256215813964586,0.0,3.70217253821078e-17
55132.08810880426,-0.07919411429334439,0.0,3.785729036082147e-17
55146.968564434166,-0.075513303606147,0.0,3.853787996272776e-17
55161.84902006407,-0.07153330489066528,0.0,3.906106857988066e-17
55176.72947569398,-0.06726888420955335,0.0,3.9425072828095435e-17
55191.60993132389,-0.06273594003050151,0.0,3.9628757541227194e-17
55206.490386953796,-0.05795144386699342,0.0,3.967163912764829e-17
55221.3708425837,-0.052933376626774664,0.0,3.955388627986849e-17
55236.2512982136,-0.04770066090719152,0.0,3.9276318039006905e-17
55251.13175384351,-0.042273089492843446,0.0,3.884039922651387e-17
55266.01220947342,-0.03667125032634174,0.0,3.824823326624153e-17
55280.892665103325,-0.030916448237178075,0.0,3.750255243046257e-17
55295.77312073323,-0.025030623726992038,0.0,3.660670555387528e-17
55310.65357636314,-0.0190362691215782,0.0,3.5564643269797066e-17
55325.53403199305,-0.012956342410801628,0.0,3.4380900832722535e-17
55340.414487622955,-0.006814179107320725,0.0,3.3060578601127965e-17
55355.29494325286,-0.0006334024632785665,0.0,3.1609320263740473e-17
55370.17539888277,0.005562167608682989,0.0,3.003328890155182e-17
55385.05585451268,0.011748606558134415,0.0,2.8339140986440384e-17
55399.93631014258,0.01790197780689083,0.0,2.6533998425535372e-17
55414.816765772484,0.023998425587054353,0.0,2.462541876813163e-17
55429.69722140239,0.03001426764608595,0.0,2.2621363699316857e-17
55444.5776770323,0.03592608745786407,0.0,2.0530165951150947e-17
55459.45813266221,0.0417108255798634,0.0,1.8360494768480006e-17
55474.338588292114,0.04734586979919212,0.0,1.6121320072126086e-17
55489.21904392202,0.05280914371437656,0.0,1.3821875467195816e-17
55504.09949955193,0.05807919340510611,0.0,1.1471620248770585e-17
55518.979955181836,0.06313527184903352,0.0,9.080200560979508e-18
55533.86041081174,0.06795742075279193,0.0,6.657409868723034e-18
55548.74086644164,0.07252654947392978,0.0,4.213148903762595e-18
55563.62132207155,0.07682451072112512,0.0,1.757385248834425e-18
55578.50177770146,0.08083417273206149,0.0,-6.998872754113091e-19
55593.382233331366,0.08453948764151728,0.0,-3.1486892552818108e-18
55608.26268896127,0.08792555576651317,0.0,-5.579096195510141e-18
55623.14314459118,0.09097868555082121,0.0,-7.981278732941758e-18
55638.02360022109,0.09368644892751124,0.0,-1.0345542389497193e-17
55652.904055850995,0.09603773187572039,0.0,-1.2662366703671017e-17
55667.7845114809,0.09802277996605238,0.0,-1.4922443582553745e-17
55682.66496711081,0.09963323870826987,0.0,-1.7116714719856774e-17
55697.54542274072,0.10086218853476744,0.0,-1.9236407929411774e-17
55712.42587837062,0.10170417427400805,0.0,-2.1273072248331462e-17
55727.306334000525,0.10215522898922448,0.0,-2.3218611669215632e-17
55742.18678963043,0.10221289207951069,0.0,-2.506531736662236e-17
55757.06724526034,0.10187622156252882,0.0,-2.68058982893635e-17
55771.94770089025,0.1011458004806331,0.0,-2.8433509997034724e-17
55786.828156520154,0.10002373739498374,0.0,-2.9941781626553927e-17
55801.70861215006,0.09851366095520395,0.0,-3.132484088224684e-17
55816.58906777997,0.09662070855520904,0.0,-3.257733695127059e-17
55831.469523409876,0.09435150910885294,0.0,-3.369446125474361e-17
55846.349979039784,0.09171416000207477,0.0,-3.4671965953920776e-17
55861.230434669684,0.08871819830094882,0.0,-3.5506180140013474e-17
55876.11089029959,0.08537456631760292,0.0,-3.6194023645808304e-17
55890.9913459295,0.08169557165810495,0.0,-3.673301842701248e-17
55905.871801559406,0.0776948418981413,0.0,-3.712129747124124e-17
55920.75225718931,0.07338727405347763,0.0,-3.735761120269029e-17
55935.63271281922,0.06878897903277985,0.0,-3.7441331360792154e-17
55950.51316844913,0.06391722128018971,0.0,-3.737245234147375e-17
55965.393624079035,0.05879035383421666,0.0,-3.7151589999986565e-17
55980.27407970894,0.053427749047673743,0.0,-3.6779977924612235e-17
55995.15453533885,0.047849725230733914,0.0,-3.625946120085738e-17
56010.03499096876,0.04207746949550978,0.0,-3.559248769590071e-17
56024.91544659866,0.03613295709581425,0.0,-3.478209690315772e-17
56039.795902228565,0.030038867569876514,0.0,-3.383190639665129e-17
56054.67635785847,0.023818498006813304,0.0,-3.274609595458939e-17
56069.55681348838,0.017495673769323906,0.0,-3.1529389420901563e-17
56084.43726911829,0.011094657015563131,0.0,-3.018703438261426e-17
56099.317724748194,0.004640053372318105,0.0,-2.872477974973311e-17
56114.1981803781,-0.001843282880705465,0.0,-2.7148851332669506e-17
56129.07863600801,-0.00833034474915877,0.0,-2.5465925520301004e-17
56143.95909163792,-0.014796069213723423,0.0,-2.3683101169277225e-17
56158.839547267824,-0.02121543429639555,0.0,-2.1807869822359413e-17
56173.720002897724,-0.027563556126571624,0.0,-1.984808438012582e-17
56188.60045852763,-0.03381578562950571,0.0,-1.781192635654543e-17
56203.48091415754,-0.03994780446052664,0.0,-1.570787185445447e-17
56218.361369787446,-0.04593571981087644,0.0,-1.3544656401944482e-17
56233.24182541735,-0.05175615771462622,0.0,-1.133123879514798e-17
56248.12228104726,-0.05738635449156433,0.0,-9.076764096646189e-18
56263.00273667717,-0.06280424596749977,0.0,-6.7905259420039306e-18
56277.883192307076,-0.06798855412159933,0.0,-4.481928309425439e-18
56292.76364793698,-0.07291887081976971,0.0,-2.160446909547449e-18
56307.64410356689,-0.07757573830399092,0.0,1.6440964640439308e-19
56322.5245591968,-0.08194072611953623,0.0,2.483138741142902e-18
56337.4050148267,-0.08599650417546897,0.0,4.7862825496607235e-18
56352.285470456605,-0.08972691164833152,0.0,7.064466583104786e-18
56367.16592608651,-0.09311702145468503,0.0,9.308437821224045e-18
56382.04638171642,-0.09615320003505635,0.0,1.1509102278398676e-17
56396.92683734633,-0.09882316220958645,0.0,1.3657561850755092e-17
56411.807292976235,-0.10111602088462282,0.0,1.5745150295133093e-17
56426.68774860614,-0.10302233140910083,0.0,1.7763468194392552e-17
56441.56820423605,-0.10453413040017431,0.0,1.9704416767985365e-17
56456.44865986596,-0.10564496887873008,0.0,2.156023039160866e-17
56471.329115495864,-0.10634993957741337,0.0,2.3323507695304333e-17
56486.209571125764,-0.10664569830618771,0.0,2.4987241115341663e-17
56501.09002675567,-0.10653047928349735,0.0,2.654484478178868e-17
56515.97048238558,-0.10600410436437838,0.0,2.7990180630620385e-17
56530.85093801549,-0.10506798612057458,0.0,2.9317582636696695e-17
56545.731393645394,-0.1037251247515448,0.0,3.05218790717656e-17
56560.6118492753,-0.10198009882924655,0.0,3.159841269987179e-17
56575.49230490521,-0.09983904990359062,0.0,3.25430588311465e-17
56590.372760535116,-0.09730966101936275,0.0,3.335224116382043e-17
56605.25321616502,-0.0944011292192362,0.0,3.402294535346682e-17
56620.13367179493,-0.09112413213095766,0.0,3.45527302578735e-17
56635.01412742484,-0.08749078875999824,0.0,3.493973681553025e-17
56649.89458305474,-0.08351461463164887,0.0,3.518269452547249e-17
56664.775038684646,-0.07921047144877032,0.0,3.528092550607134e-17
56679.65549431455,-0.07459451145298542,0.0,3.523434612031657e-17
56694.53594994446,-0.06968411669795162,0.0,3.5043466165106724e-17
56709.41640557437,-0.064497833463461,0.0,3.470938563203274e-17
56724.296861204275,-0.05905530205838736,0.0,3.4233789057073234e-17
56739.17731683418,-0.05337718227872544,0.0,3.3618937486443245e-17
56754.05777246409,-0.047485074804287854,0.0,3.286765809558437e-17
56768.938228094,-0.041401438833821275,0.0,3.198333150778284e-17
56783.818683723905,-0.03514950627335419,0.0,3.0969876868300727e-17
56798.699139353805,-0.028753192806424483,0.0,2.9831734738949864e-17
56813.57959498371,-0.022237006187409744,0.0,2.857384788690865e-17
56828.46005061362,-0.015625952110541526,0.0,2.720164005005732e-17
56843.34050624353,-0.008945438016942149,0.0,2.5720992769253316e-17
56858.220961873434,-0.0022211752106915394,0.0,2.4138220385794212e-17
56873.10141750334,0.004520920338080988,0.0,2.2460043309597757e-17
56887.98187313325,0.011254828119413897,0.0,2.0693559670626946e-17
56902.862328763156,0.017954523751295748,0.0,1.8846215472453965e-17
56917.74278439306,0.02459407979858827,0.0,1.6925773372886072e-17
56932.62324002297,0.031147766351605044,0.0,1.4940280221919387e-17
56947.50369565288,0.03759015097322757,0.0,1.2898033492260079e-17
56962.38415128278,0.04389619762544106,0.0,1.080754674189476e-17
56977.264606912686,0.05004136418959525,0.0,8.677514252008377e-18
56992.14506254259,0.0560016981996154,0.0,6.516774986669242e-18
57007.0255181725,0.061753930413983034,0.0,4.334276023227644e-18
57021.90597380241,0.06727556586006189,0.0,2.1390356043835552e-18
57036.786429432315,0.07254497199383311,0.0,-5.989403590012207e-20
57051.66688506222,0.07754146362877515,0.0,-2.2534639196829438e-18
57066.54734069213,0.08224538429983107,0.0,-4.4326654925978595e-18
57081.42779632204,0.08663818374176437,0.0,-6.588567559220865e-18
57096.308251951945,0.09070249117598958,0.0,-8.712352835082791e-18
57111.18870758185,0.0944221841158058,0.0,-1.0795353965877435e-17
57126.06916321175,0.09778245241710712,0.0,-1.2829088866911338e-17
57140.94961884166,0.10076985731973276,0.0,-1.4805295238802115e-17
57155.83007447157,0.1033723852437983,0.0,-1.6715964119058304e-17
57170.710530101474,0.10557949612551579,0.0,-1.8553372333373885e-17
57185.59098573138,0.10738216609788231,0.0,-2.0310113715138476e-17
57200.47144136129,0.10877292434347423,0.0,-2.1979128966990162e-17
57215.3518969912,0.10974588396895696,0.0,-2.3553734043950483e-17
57230.232352621104,0.11029676677406128,0.0,-2.5027646943985746e-17
57245.11280825101,0.11042292181129842,0.0,-2.6395012798511983e-17
57259.99326388092,0.11012333765678087,0.0,-2.7650427162544635e-17
57274.87371951082,0.10939864833682124,0.0,-2.8788957411707697e-17
57289.754175140726,0.10825113287962311,0.0,-2.980616216127246e-17
57304.63463077063,0.10668470848612976,0.0,-3.0698108630609e-17
57319.51508640054,0.10470491733889202,0.0,-3.1461387885032845e-17
57334.39554203045,0.10231890709260619,0.0,-3.209312789582427e-17
57349.275997660356,0.09953540511456084,0.0,-3.259100436826873e-17
57364.15645329026,0.09636468656766456,0.0,-3.2953249296807576e-17
57379.03690892017,0.09281853645273992,0.0,-3.317865721579893e-17
57393.91736455008,0.08891020575042564,0.0,-3.326658912389874e-17
57408.797820179985,0.08465436182611083,0.0,-3.3216974069683987e-17
57423.67827580989,0.08006703328385642,0.0,-3.303030839575093e-17
57438.55873143979,0.07516554947704188,0.0,-3.270765264817489e-17
57453.4391870697,0.0699684749044623,0.0,-3.2250626167800107e-17
57468.31964269961,0.06449553874083377,0.0,-3.166139938932336e-17
57483.200098329515,0.05876755976976451,0.0,-3.0942683883553006e-17
57498.08055395942,0.052806367005506664,0.0,-3.009772018741631e-17
57512.96100958933,0.04663471630685199,0.0,-2.913026347536977e-17
57527.84146521924,0.040276203302472495,0.0,-2.8044567134610136e-17
57542.721920849144,0.033755172961710087,0.0,-2.6845364315078336e-17
57557.60237647905,0.02709662615820791,0.0,-2.553784753341348e-17
57572.48283210896,0.02032612358588172,0.0,-2.4127646417972376e-17
57587.36328773886,0.013469687397401689,0.0,-2.2620803689480962e-17
57602.24374336877,0.006553700944618976,0.0,-2.1023749479066645e-17
57617.124198998674,-0.0003951929918150736,0.0,-1.934327409209644e-17
57632.00465462858,-0.007350195090163571,0.0,-1.758649933244751e-17
57646.88511025849,-0.014284453094303214,0.0,-1.5760848507673424e-17
57661.765565888396,-0.02117116573794446,0.0,-1.3874015240697068e-17
57676.6460215183,-0.027983686583167442,0.0,-1.1933931218480605e-17
57691.52647714821,-0.03469562737002524,0.0,-9.948733012222231e-18
57706.40693277812,-0.041280960475390184,0.0,-7.92672810734823e-18
57721.287388408025,-0.04771412008232482,0.0,-5.876360284537121e-18
57736.16784403793,-0.053970101665785246,0.0,-3.806174495568953e-18
57751.04829966783,-0.06002455940665728,0.0,-1.7247813795805439e-18
57765.92875529774,-0.0658539011537403,0.0,3.5917843334889183e-19
57780.80921092765,-0.07143538056243132,0.0,2.4370700837159853e-18
57795.689666557555,-0.07674718604952206,0.0,4.500300161630436e-18
57810.57012218746,-0.08176852621541662,0.0,6.5403521562546405e-18
57825.45057781737,-0.08647971139857515,0.0,8.548821529775545e-18
57840.33103344728,-0.09086223104159,0.0,1.0517450271709607e-17
57855.211489077185,-0.09489882656433504,0.0,1.2438160791766413e-17
57870.09194470709,-0.09857355945671706,0.0,1.4303089012349482e-17
57884.972400337,-0.101871874321939,0.0,1.6104616525335487e-17
57899.8528559669,-0.1047806566204564,0.0,1.7835401681767282e-17
57914.73331159681,-0.10728828488523542,0.0,1.9488409487718508e-17
57929.613767226714,-0.109384677200145,0.0,2.1056940184671096e-17
57944.49422285662,-0.11106133175542522,0.0,2.2534656398342778e-17
57959.37467848653,-0.11231136131702618,0.0,2.3915608745984613e-17
57974.255134116436,-0.11312952147007929,0.0,2.519425979865192e-17
57989.13558974634,-0.11351223252087751,0.0,2.6365506301919302e-17
58004.01604537625,-0.11345759496622214,0.0,2.742469956579466e-17
58018.89650100616,-0.11296539846396705,0.0,2.836766394229696e-17
58033.776956636066,-0.11203712426374215,0.0,2.919071331713931e-17
58048.65741226597,-0.11067594108224456,0.0,2.9890665550283915e-17
58063.53786789587,-0.10888669443294544,0.0,3.046485480866704e-17
58078.41832352578,-0.10667588944549969,0.0,3.0911141743192224e-17
58093.29877915569,-0.10405166723551057,0.0,3.1227921471039617e-17
58108.179234785595,-0.10102377491037326,0.0,3.141412933347213e-17
58123.0596904155,-0.09760352932179467,0.0,3.14692444085263e-17
58137.94014604541,-0.09380377469994623,0.0,3.139329076729635e-17
58152.82060167532,-0.08963883432812919,0.0,3.118683647183644e-17
58167.701057305225,-0.08512445644012168,0.0,3.085099032206195e-17
58182.58151293513,-0.0802777545450115,0.0,3.038739636829072e-17
58197.46196856504,-0.07511714240615074,0.0,2.979822621530376e-17
58212.34242419494,-0.06966226392182667,0.0,2.90861691528866e-17
58227.22287982485,-0.0639339181752924,0.0,2.825442015673065e-17
58242.103335454754,-0.05795397994084374,0.0,2.730666581236299e-17
58256.98379108466,-0.051745315950438506,0.0,2.62470682232296e-17
58271.86424671457,-0.04533169724219877,0.0,2.5080246972378177e-17
58286.74470234448,-0.03873770792757784,0.0,2.381125921507326e-17
58301.625157974384,-0.03198865072821106,0.0,2.2445577987374335e-17
58316.50561360429,-0.02511044964628709,0.0,2.0989068822907133e-17
58331.3860692342,-0.018129550143758846,0.0,1.9447964777008078e-17
58346.266524864106,-0.011072817215683648,0.0,1.7828839963805617e-17
58361.14698049401,-0.003967431751518117,0.0,1.6138581717887225e-17
58376.02743612391,0.003159214414871348,0.0,1.438436149771452e-17
58390.90789175382,0.01027962436027488,0.0,1.2573604652986891e-17
58405.78834738373,0.017366302422156307,0.0,1.0713959182772761e-17
58420.668803013636,0.0243918606313964,0.0,8.813263615141411e-18
58435.54925864354,0.03132912481470795,0.0,6.87951414261242e-18
58450.42971427345,0.03815123995473898,0.0,4.920831150547136e-18
58465.31016990336,0.044831774398349164,0.0,2.9454252780430624e-18
58480.190625533265,0.05134482250780132,0.0,9.615631525763925e-19
58495.07108116317,0.05766510535519276,0.0,-1.0224670591168168e-18
58509.95153679308,0.06376806906789513,0.0,-2.9983901409071357e-18
58524.83199242298,0.0696299804414567,0.0,-4.9579782148185566e-18
58539.71244805289,0.07522801944685246,0.0,-6.893084883824923e-18
58554.592903682795,0.08054036827064559,0.0,-8.795678988641262e-18
58569.4733593127,0.08554629653989901,0.0,-1.065787783900439e-17
58584.35381494261,0.09022624239819546,0.0,-1.2471979782319431e-17
58599.23427057252,0.0945618891149792,0.0,-1.423049597540032e-17
58614.114726202424,0.09853623692759121,0.0,-1.592618122856077e-17
58628.99518183233,0.1021336698336072,0.0,-1.7552063795239156e-17
58643.87563746224,0.10534001707057394,0.0,-1.9101473984920853e-17
58658.756093092146,0.10814260904060033,0.0,-2.056807148209089e-17
58673.636548722054,0.1105303274587291,0.0,-2.1945871259476468e-17
58688.517004351954,0.11249364952627636,0.0,-2.3229267979792154e-17
58703.39745998186,0.11402468595337552,0.0,-2.4413058786566045e-17
58718.27791561177,0.11511721267876131,0.0,-2.549246439144293e-17
58733.158371241676,0.1157666961591877,0.0,-2.6463148372507192e-17
58748.03882687158,0.11597031212578257,0.0,-2.7321234605697286e-17
58762.91928250149,0.11572695772992128,0.0,-2.806332275919408e-17
58777.7997381314,0.11503725702686662,0.0,-2.8686501788795726e-17
58792.680193761305,0.11390355977123579,0.0,-2.9188361380630274e-17
58807.56064939121,0.11232993352433499,0.0,-2.956700129614809e-17
58822.44110502112,0.11032214909938681,0.0,-2.982103858306877e-17
58837.32156065102,0.10788765939656578,0.0,-2.9949612624862415e-17
58852.20201628093,0.10503557170547337,0.0,-2.9952388010330254e-17
58867.082471910835,0.10177661357812297,0.0,-2.9829555213923814e-17
58881.96292754074,0.09812309240053083,0.0,-2.958182908651986e-17
58896.84338317065,0.09408884881559648,0.0,-2.921044516547166e-17
58911.72383880056,0.0896892041739224,0.0,-2.871715382177385e-17
58926.604294430465,0.08494090221254258,0.0,-2.810421227116384e-17
58941.48475006037,0.07986204518408663,0.0,-2.7374374484782965e-17
58956.36520569028,0.07447202468060946,0.0,-2.6530879043734107e-17
58971.24566132019,0.06879144741705437,0.0,-2.557743499034661e-17
58986.126116950094,0.0628420562590989,0.0,-2.451820573720409e-17
59001.006572579994,0.056646646798775596,0.0,-2.3357791103031826e-17
59015.8870282099,0.05022897979870383,0.0,-2.2101207552188636e-17
59030.76748383981,0.04361368984210278,0.0,-2.0753866721961294e-17
59045.647939469716,0.036826190540579486,0.0,-1.932155232879665e-17
59060.52839509962,0.02989257666540771,0.0,-1.7810395551333623e-17
59075.40885072953,0.022839523580037584,0.0,-1.6226848994253222e-17
59090.28930635944,0.01569418436244166,0.0,-1.4577659342811514e-17
59105.169761989346,0.008484085014954195,0.0,-1.2869838823198161e-17
59120.05021761925,0.0012370181670542067,0.0,-1.1110635588758926e-17
59134.93067324916,-0.006019064317465916,0.0,-9.307503156439571e-18
59149.81112887906,-0.013256159412948745,0.0,-7.468069021617369e-18
59164.69158450897,-0.020446321265085592,0.0,-5.60010258282833e-18
59179.572040138875,-0.027561769364769374,0.0,-3.711482510577998e-18
59194.45249576878,-0.03457499614289908,0.0,-1.810163696663736e-18
59209.33295139869,-0.041458873568385374,0.0,9.585607800403879e-20
59224.2134070286,-0.048186758335287475,0.0,1.9985696180059306e-18
59239.093862658505,-0.05473259523029675,0.0,3.889993790943161e-18
59253.97431828841,-0.06107101827850819,0.0,5.762202868462598e-18
59268.85477391832,-0.06717744927399763,0.0,7.607361592111824e-18
59283.73522954823,-0.07302819331153397,0.0,9.417757826571606e-18
59298.615685178134,-0.07860053094723957,0.0,1.1185834664647317e-17
59313.496140808034,-0.08387280662894475,0.0,1.2904221850873264e-17
59328.37659643794,-0.08882451305124711,0.0,1.4565766393460913e-17
59343.25705206785,-0.09343637110588895,0.0,1.616356223783128e-17
59358.13750769776,-0.09769040511514018,0.0,1.7690978879022984e-17
59373.017963327664,-0.10157001305388674,0.0,1.9141688794747783e-17
59387.89841895757,-0.1050600314854992,0.0,2.050969358586793e-17
59402.77887458748,-0.10814679495699539,0.0,2.1789348716591052e-17
59417.659330217386,-0.1108181896203208,0.0,2.2975386752549415e-17
59432.53978584729,-0.11306370086891349,0.0,2.4062939001268713e-17
59447.4202414772,-0.11487445480189287,0.0,2.504755546629692e-17
59462.3006971071,-0.11624325335203806,0.0,2.592522303330476e-17
59477.18115273701,-0.11716460293828707,0.0,2.6692381813929755e-17
59492.061608366916,-0.11763473652854371,0.0,2.734593958083444e-17
59506.94206399682,-0.11765162902415727,0.0,2.788328423547932e-17
59521.82251962673,-0.11721500590327796,0.0,2.830229425830822e-17
59536.70297525664,-0.11632634508649586,0.0,2.860134709951448e-17
59551.583430886545,-0.11498887201443946,0.0,2.8779325477137817e-17
59566.46388651645,-0.11320754795337451,0.0,2.883562155799167e-17
59581.34434214636,-0.11098905157116343,0.0,2.8770139005748394e-17
59596.22479777627,-0.1083417538520765,0.0,2.8583292889402265e-17
59611.105253406175,-0.10527568644485795,0.0,2.827600745423874e-17
59625.985709036075,-0.10180250356398726,0.0,2.7849711766353326e-17
59640.86616466598,-0.09793543758914744,0.0,2.7306333250578312e-17
59655.74662029589,-0.0936892485324973,0.0,2.664828915047074e-17
59670.6270759258,-0.08908016756712872,0.0,2.5878475947616634e-17
59685.507531555704,-0.08412583483334732,0.0,2.5000256785995856e-17
59700.38798718561,-0.07884523176162433,0.0,2.4017446955414925e-17
59715.26844281552,-0.07325860817254584,0.0,2.293429749608717e-17
59730.148898445426,-0.06738740443436438,0.0,2.1755476994182917e-17
59745.029354075334,-0.061254168978160856,0.0,2.0486051645684236e-17
59759.90980970524,-0.054882471488729184,0.0,1.9131463673060045e-17
59774.79026533515,-0.0482968121061767,0.0,1.7697508186020784e-17
59789.67072096505,-0.04152252698889609,0.0,1.619030858410503e-17
59804.551176594956,-0.03458569060279592,0.0,1.461629060479935e-17
59819.43163222486,-0.02751301511459712,0.0,1.2982155126529624e-17
59834.31208785477,-0.02033174727819781,0.0,1.1294849840902713e-17
59849.19254348468,-0.013069563213256578,0.0,9.561539913311833e-18
59864.072999114585,-0.005754461483209911,0.0,7.789577755061927e-18
59878.95345474449,0.001585345113150091,0.0,5.98647203385939e-18
59893.8339103744,0.00892153861732064,0.0,4.159856052620127e-18
59908.71436600431,0.016225805431258775,0.0,2.317455629022816e-18
59923.594821634215,0.02346994585748374,0.0,4.670566103152643e-19
59938.475277264115,0.030625983234246076,0.0,-1.3835278406863453e-18
59953.35573289402,0.03766627224250727,0.0,-3.226490051662272e-18
59968.23618852393,0.04456360596427716,0.0,-5.054060601759527e-18
59983.11664415384,0.05129132127686181,0.0,-6.858540900685222e-18
59997.997099783744,0.05782340217370268,0.0,-8.632335449886468e-18
60012.87755541365,0.06413458061050031,0.0,-1.0367983651252156e-17
60027.75801104356,0.07020043448475483,0.0,-1.2058191030657667e-17
60042.63846667347,0.07599748236793942,0.0,-1.3695859746274015e-17
60057.518922303374,0.08150327462196666,0.0,-1.527411825454033e-17
60072.39937793328,0.08669648054550033,0.0,-1.678635001029394e-17
60087.27983356319,0.09155697121109516,0.0,-1.8226221081690066e-17
60102.16028919309,0.09606589767067669,0.0,-1.9587706565059744e-17
60117.040744822996,0.10020576422482218,0.0,-2.0865115689977522e-17
60131.9212004529,0.10396049647033473,0.0,-2.2053115510272426e-17
60146.80165608281,0.10731550386089997,0.0,-2.3146753082732786e-17
60161.68211171272,0.11025773653671878,0.0,-2.4141476041525453e-17
60176.562567342626,0.1127757362013056,0.0,-2.5033151483170184e-17
60191.44302297253,0.1148596808466418,0.0,-2.5818083083937297e-17
60206.32347860244,0.11650142315170683,0.0,-2.649302637896118e-17
60221.20393423235,0.11769452240397653,0.0,-2.7055202140084893e-17
60236.084389862255,0.11843426981852871,0.0,-2.7502307797379053e-17
60250.964845492155,0.11871770715504713,0.0,-2.7832526857485576e-17
60265.84530112206,0.1185436385589815,0.0,-2.804453628030094e-17
60280.72575675197,0.1179126355794384,0.0,-2.813751178406326e-17
60295.60621238188,0.11682703534283195,0.0,-2.8111131057547566e-17
60310.486668011785,0.11529093188791391,0.0,-2.796557486682794e-17
60325.36712364169,0.11331016069433042,0.0,-2.7701526052847835e-17
60340.2475792716,0.11089227646331436,0.0,-2.7320166424851387e-17
60355.12803490151,0.10804652423529876,0.0,-2.6823171563497718e-17
60370.008490531414,0.10478380395515298,0.0,-2.6212703556208718e-17
60384.88894616132,0.1011166286211658,0.0,-2.5491401695913906e-17
60399.76940179123,0.09705907617889173,0.0,-2.46623711828615e-17
60414.64985742113,0.0926267353452287,0.0,-2.37291698774586e-17
60429.53031305104,0.08783664557171086,0.0,-2.2695793160248647e-17
60444.410768680944,0.08270723137885674,0.0,-2.1566656963014292e-17
60459.29122431085,0.0772582313151765,0.0,-2.0346579042586162e-17
60474.17167994076,0.07151062181546766,0.0,-1.9040758576269264e-17
60489.052135570666,0.06548653625282913,0.0,-1.7654754164804242e-17
60503.93259120057,0.059209179497515266,0.0,-1.619446033534175e-17
60518.81304683048,0.05270273831325498,0.0,-1.4666082643200024e-17
60533.69350246039,0.04599228793791739,0.0,-1.3076111476996892e-17
60548.573958090295,0.03910369521014461,0.0,-1.1431294677084595e-17
60563.454413720196,0.03206351861718459,0.0,-9.738609082199397e-18
60578.3348693501,0.02489890565102509,0.0,-8.00523112364011e-18
60593.21532498001,0.017637487870550927,0.0,-6.238506590294585e-18
60608.09578060992,0.010307274076253092,0.0,-4.445919691170846e-18
60622.976236239825,0.00293654201157494,0.0,-2.6350615451247703e-18
60637.85669186973,-0.004446270989419338,0.0,-8.13598229709113e-19
60652.73714749964,-0.011812677984153518,0.0,1.0107614770266097e-18
60667.61760312955,-0.01913425260697924,0.0,2.8302985267149755e-18
60682.498058759455,-0.026382739030811224,0.0,4.6373160671215935e-18
60697.37851438936,-0.03353016127853092,0.0,6.424171808949207e-18
60712.25897001927,-0.04054893146026412,0.0,8.183310157594305e-18
60727.13942564917,-0.047411956516731815,0.0,9.907293975375893e-18
60742.01988127908,-0.054092743054743986,0.0,1.1588835841429651e-17
60756.900336908984,-0.06056549986810982,0.0,1.3220828678443846e-17
60771.78079253889,-0.06680523774636901,0.0,1.47963756182035e-17
60786.6612481688,-0.07278786618413673,0.0,1.6308818981021556e-17
60801.541703798706,-0.07849028661586287,0.0,1.775176824786105e-17
60816.422159428614,-0.08389048181437783,0.0,1.911912690822165e-17
60831.30261505852,-0.08896760110632335,0.0,2.0405118071510435e-17
60846.18307068843,-0.09370204107390423,0.0,2.1604308734836987e-17
60861.063526318336,-0.09807552142982956,0.0,2.271163260574473e-17
60875.943981948236,-0.10207115577108808,0.0,2.3722411384501232e-17
60890.82443757814,-0.1056735169370471,0.0,2.4632374416948104e-17
60905.70489320805,-0.10886869671826438,0.0,2.5437676635742912e-17
60920.58534883796,-0.11164435968442799,0.0,2.613491471499745e-17
60935.465804467865,-0.1139897909225467,0.0,2.6721141370758107e-17
60950.34626009777,-0.11589593750021174,0.0,2.7193877747518346e-17
